TOTCNG,TOTADH,TOTRATE,EVANCNG,EVANADH,EVANRATE,BPRTCNG,BPRTADH,BPRTRATE,MPRTCNG,MPRTADH,MPRTRATE,CATHCNG,CATHADH,CATHRATE,ORTHCNG,ORTHADH,ORTHRATE,OTHCNG,OTHADH,OTHRATE,OCGCNG,AMECNG,AMEADH,AMERATE,AMEZCNG,AMEZADH,AMEZRATE,ALBCNG,ALBADH,ALBRATE,AWMCCNG,AWMCADH,AWMCRATE,ALBPCNG,AMANCNG,AMANADH,AMANRATE,AAMCNG,AAMADH,AAMRATE,AALCCNG,ABACNG,ABAADH,ABARATE,ABCCNG,ABCADH,ABCRATE,ACROCNG,ACROADH,ACRORATE,APCCNG,AMSHCNG,AMSHADH,AMSHRATE,ACNACNG,AOCACNG,AOCAADH,AOCARATE,ACCACNG,ACCAADH,ACCARATE,AFMCNG,AFMADH,AFMRATE,ALCACNG,AACACNG,AACAADH,AACARATE,ARMCNG,ARMADH,ARMRATE,AECCNG,AGCNG,AGADH,AGRATE,AGIFCNG,ARPCCNG,ARPCADH,ARPCRATE,AFLCCNG,AMCCNG,ARBCCNG,BAHCNG,BAHADH,BAHRATE,BAMCCNG,BAMCADH,BAMCRATE,BAMCNG,BAMADH,BAMRATE,BFCCNG,BFCADH,BFCRATE,BPCCNG,BCACNG,BCAADH,BCARATE,BCCCNG,BRUDCNG,BRUDADH,BRUDRATE,BUDMCNG,BUDMADH,BUDMRATE,BUDTCNG,BUDTADH,BUDTRATE,BUDVCNG,BUDVADH,BUDVRATE,BULGCNG,BULGADH,BULGRATE,CCFCCNG,CARCCNG,CTHCNG,CTHADH,CTHRATE,CYMFCNG,CYMFADH,CYMFRATE,CMACNG,CMAADH,CMARATE,CBCNG,CCDCCNG,CCDCADH,CCDCRATE,CCCCCNG,CCCCADH,CCCCRATE,CMECNG,CMEADH,CMERATE,CRCCNG,CRCADH,CRCRATE,CUCNG,CCHCNG,CCSCNG,CGAICNG,CGAIADH,CGAIRATE,CGCTCNG,CGCTADH,CGCTRATE,CG7DCNG,CGFCNG,CGGCCNG,CGGCADH,CGGCRATE,CGCCNG,CGCADH,CGCRATE,CGCMCNG,CGCMADH,CGCMRATE,CGPCNG,CGPADH,CGPRATE,CGAFCNG,CGMACNG,LDSCNG,LDSADH,LDSRATE,CAFCNG,CBRCNG,CBRADH,CBRRATE,CLBACNG,CLBAADH,CLBARATE,CLCCNG,NAZCNG,NAZADH,NAZRATE,CUBCCNG,CUBCADH,CUBCRATE,CHCHCNG,CHCHADH,CHCHRATE,CCCUCNG,CHGNCNG,CHGNADH,CHGNRATE,CRECCNG,COCCNG,COCADH,COCRATE,CCCCNG,CCCADH,CCCRATE,CHCCNG,CHCADH,CHCRATE,CMCCNG,CMCADH,CMCRATE,CBACNG,CCONCNG,CCONADH,CCONRATE,CJUDCNG,CJUDADH,CJUDRATE,CLACNG,CMCOCNG,CMCOADH,CMCORATE,CYFRCNG,CYFRADH,CYFRRATE,OFWBCNG,OFWBADH,OFWBRATE,CWCNG,CWADH,CWRATE,COPTCNG,COPTADH,COPTRATE,CRPCCNG,CUMBCNG,CUMBADH,CUMBRATE,CPCACNG,ELIMCNG,EBACNG,ECCNG,ECADH,ECRATE,EOCNG,EOADH,EORATE,ETHOCNG,EARCNG,EVCHCNG,ECCCNG,ECCADH,ECCRATE,ECOVCNG,ECOVADH,ECOVRATE,EFCACNG,EFCAADH,EFCARATE,EFCICNG,EFCIADH,EFCIRATE,ELCACNG,ELCAADH,ELCARATE,ELSCNG,ELSADH,ELSRATE,EMCCNG,EPCCNG,EPCADH,EPCRATE,FRCCNG,FEBCCNG,FEBCADH,FEBCRATE,FECCNG,FECADH,FECRATE,FOURCNG,FOURADH,FOURRATE,FCSCNG,FMCCNG,FMCADH,FMCRATE,FPCCNG,FRCHCNG,FRNDCNG,FRNDADH,FRNDRATE,FGCCNG,FGCADH,FGCRATE,FUMCNG,FUMADH,FUMRATE,FGBCNG,FBFCNG,GARBCNG,GOPCNG,GOPADH,GOPRATE,FGBCCNG,GGFCNG,GRKCNG,GRKADH,GRKRATE,HRCCNG,HRCADH,HRCRATE,HNICNG,HNIADH,HNIRATE,HNPRCNG,HNPRADH,HNPRRATE,HNRCNG,HNRADH,HNRRATE,HNTTCNG,HNTTADH,HNTTRATE,HOCCNG,HOCADH,HOCRATE,HUNGCNG,HUTTCNG,IBFICNG,IFCACNG,IYMFCNG,IYMFADH,IYMFRATE,ICCCNG,ICCADH,ICCRATE,ICCCCNG,IFBCCNG,INTFCNG,IPCCCNG,IPCCADH,IPCCRATE,IPHCCNG,IPHCADH,IPHCRATE,JAINCNG,JWCNG,KPRSCNG,KPCACNG,KAPCCNG,LCMSCNG,LCMSADH,LCMSRATE,LCMCCNG,LCMCADH,LCMCRATE,MOCCNG,MOCADH,MOCRATE,MALACNG,MALAADH,MALARATE,MOSCCNG,MOSCADH,MOSCRATE,MAMCNG,MAMADH,MAMRATE,MCFCNG,MCFADH,MCFRATE,MENNCNG,MENNADH,MENNRATE,MCCCNG,MCCADH,MCCRATE,MBAMCNG,MBAMADH,MBAMRATE,MCCFCNG,MCCFADH,MCCFRATE,MISSCNG,MISSADH,MISSRATE,MVAKCNG,MVAKADH,MVAKRATE,MVNOCNG,MVNOADH,MVNORATE,MVSOCNG,MVSOADH,MVSORATE,MSLMCNG,MSLMADH,MSLMRATE,NACCCNG,NACCADH,NACCRATE,FWBCNG,FWBADH,FWBRATE,NBCACNG,NBCAADH,NBCARATE,NBCCNG,NBCADH,NBCRATE,NMBCCNG,NMBCADH,NMBCRATE,NSACCNG,NWAPCNG,IBCCNG,NONDCNG,NONDADH,NONDRATE,NABCCNG,NABCADH,NABCRATE,NALCCNG,OORBCNG,OORBADH,OORBRATE,OBSCCNG,OBSCADH,OBSCRATE,OCACNG,OCAADH,OCARATE,OJUDCNG,OJUDADH,OJUDRATE,OPCCNG,OPCADH,OPCRATE,ROCCNG,ROCADH,ROCRATE,PCCCNG,PCCADH,PCCRATE,FBHCCNG,PFWBCNG,PILLCNG,PILLADH,PILLRATE,PNCCCNG,PCCNG,PCADH,PCRATE,PCACNG,PCAADH,PCARATE,PRCCNG,PBEDCNG,PBEDADH,PBEDRATE,PMCCNG,PNBCCNG,PNBCADH,PNBCRATE,PRCACNG,PRCAADH,PRCARATE,RJUDCNG,RJUDADH,RJUDRATE,RFRMCNG,RFRMADH,RFRMRATE,RBCCNG,RCACNG,RCAADH,RCARATE,RCUSCNG,RCUSADH,RCUSRATE,RMCCNG,RMCADH,RMCRATE,RPCCNGV,RPHPCNG,RPUSCNG,RPNACNG,RPNAADH,RPNARATE,ROAACNG,ROAAADH,ROAARATE,ROORCNG,ROORADH,ROORRATE,SALVCNG,SALVADH,SALVRATE,SCHWCNG,SCHWADH,SCHWRATE,SERBCNG,SERBADH,SERBRATE,SDBCNG,SDBADH,SDBRATE,SDACCNG,SDACADH,SDACRATE,SHNTCNG,SIKHCNG,SBCCNG,SBCADH,SBCRATE,SMCCNG,SWEDCNG,SOCACNG,SOCAADH,SOCARATE,TAMCNG,TAMADH,TAMRATE,TAOCNG,USMBCNG,USMBADH,USMBRATE,UOCCNG,UOCADH,UOCRATE,UCAMCNG,UCAMADH,UCAMRATE,UFMCNG,UMJCCNG,UUACNG,UUAADH,UUARATE,UCTHCNG,UCTHADH,UCTHRATE,UCCCNG,UCCADH,UCCRATE,UHCACNG,UMCCNG,UMCADH,UMCRATE,UPCICNG,UPCCNG,URCCNG,UZCCNG,UZCADH,UZCRATE,UNTYCNG,UNBRCNG,PJOCCNG,PJOCADH,PJOCRATE,VINECNG,VINEADH,VINERATE,WESCNG,WESADH,WESRATE,WELSCNG,WELSADH,WELSRATE,ZOROCNG,ZOROADH,ZORORATE,STCODE,STABBR,STNAME,POP2010
10514,3007553,629.23,7029,2009448,420.41,1337,346519,72.5,1667,388252,81.23,169,200657,41.98,14,3001,0.63,298,59676,12.49,1,294,48639,10.18,189,29300,6.13,,,,,,,4,,,,,,,,32,5451,1.14,4,8157,1.71,,,,,,,,17,2,98,0.02,1,55,0.01,4,172,0.04,,,,,,,,,359,54821,11.47,,9,283,0.06,1,,,8,1441,0.3,2,139,0.03,,,,,,,,,,,,,,,7,921,0.19,2,410,0.09,1,53,0.01,,,,6,,169,200657,41.98,,,,17,1265,0.26,3,56,8370,1.75,26,3280,0.69,183,27620,5.78,,,,2,4,9,65,3355,0.7,387,86003,17.99,1,11,,,,91,31298,6.55,3,438,0.09,77,4341,0.91,,1,73,34349,7.19,27,3,230,0.05,,,,,116,13006,2.72,,,,867,114015,23.85,,,,,2,16,2471,0.52,,,,43,1647,0.34,23,2300,0.48,,,,,4,2843,0.59,,,,,,,,,,,,,,2,78,0.02,,59,5874,1.23,50,,,126,43697,9.14,,,,,1,,,,,4,212,0.04,2,500,0.1,,,,19,4066,0.85,,,,1,5,704,0.15,2,,,,,,,3,872,0.18,,2,62,0.01,1,,,,,5,52,0.01,1,0,,17,1,,,,,,6,5,2355,0.49,,,,2,129,0.03,5,150,0.03,,,,2,1100,0.23,,,,,,8,3,,,,2,102,0.02,8,1,,,,,51,10791,2.26,,108,,1,,62,10290,2.15,4,996,0.21,,,,,,,,,,,,,,,,1,55,0.01,3,204,0.04,,,,,,,1,24,0.01,,,,,,,,,,31,10258,2.15,5,342,0.07,140,17568,3.68,19,13740,2.87,382,175176,36.65,76,13810,2.89,,2,,875,220938,46.22,,,,,,,,,,,3,340,0.07,2,375,0.08,3,110,0.02,1,70,0.01,8,871,0.18,4,,,,,,147,26347,5.51,108,28009,5.86,,,,,,9,6936,1.45,,,,,,,9,4082,0.85,7,,,,,,,,,,,,,1,47,0.01,,,,,,,14,2481,0.52,,,,1,60,0.01,2,85,0.02,115,21771,4.55,,1,3324,1392363,291.31,4,,,,,,,,,,,,,,,1,54,0.01,,,9,1079,0.23,,,,15,1381,0.29,,1274,295636,61.85,98,,,,,,7,,,,,7,1724,0.36,11,1801,0.38,3,343,0.07,0,15,0,1,AL,Alabama,4779736
1246,240833,339.09,664,100960,142.15,16,1976,2.78,206,32550,45.83,104,50866,71.62,94,13480,18.98,162,41001,57.73,,1,25,0.04,3,313,0.44,,,,,,,,,,,,,,,,,,13,2146,3.02,,,,,,,,,3,522,0.73,,,,,,,,,,,,,,,87,10261,14.45,,,,,,,,15,1353,1.91,,,,,,,,,,,,,,,,,,6,986,1.39,4,3405,4.79,2,73,0.1,1,25,0.04,2,,104,50866,71.62,,,,16,1691,2.38,3,1,194,0.27,11,3586,5.05,3,439,0.62,3,264,0.37,,,5,7,892,1.26,22,2921,4.11,,,,,,4,442,0.62,1,5,0.01,4,131,0.18,,,80,32170,45.3,,,,,,,,3,26,3175,4.47,,,,26,2451,3.45,,,,,1,3,501,0.71,,,,,,,,,,5,,,,,,,,,,,,,,,,,4,360,0.51,,,,,,,,,,,50,7234,10.19,,,,,,,,,,20,2489,3.5,1,30,0.04,12,1387,1.95,35,9642,13.58,,,,,,,,,,,,,,,7,321,0.45,,2,120,0.17,,,,,,8,230,0.32,,,,,1,5,,,,4,,1,234,0.33,,,,,,,4,76,0.11,1,12,0.02,1,160,0.23,,,,,,7,2,,,,1,132,0.19,,,,,,,8,425,0.6,,22,1,2,,14,3665,5.16,2,347,0.49,,,,,,,,,,,,,,,,1,50,0.07,1,18,0.03,,,,,,,,,,23,2649,3.73,,,,,,,3,924,1.3,3,316,0.44,1,92,0.13,,,,1,0,,4,757,1.07,,1,,157,38070,53.6,,,,,,,,1,47,0.07,86,12652,17.81,1,60,0.08,1,79,0.11,,,,4,436,0.61,,,,,,,38,4460,6.28,1,72,0.1,,,,,,,,,,,,,,,4,754,1.06,,,,,,,,,,,,,,,,,,,,,,,17,1968,2.77,,,,3,47,0.07,2,,,33,4361,6.14,,2,102,19891,28.01,,,,,,,,,,,,,,,,,,,,,6,527,0.74,,,,2,76,0.11,,28,5585,7.86,26,,,,,,2,,,,,,,,3,229,0.32,9,1012,1.42,,,,2,AK,Alaska,710231
4673,2379928,372.33,2612,762376,119.27,77,12473,1.95,484,171792,26.88,278,930702,145.6,36,16233,2.54,1186,486352,76.09,,9,2814,0.44,1,126,0.02,,,,1,20,0,,,,,,,,3,11,1320,0.21,26,7204,1.13,,,,,,,,13,3,1320,0.21,3,338,0.05,,,,1,,,,1,3600,0.56,,285,123713,19.35,,1,32,0.01,4,1,4,34,7659,1.2,,,,,,,,,,,3,296,0.05,,,,,40,14089,2.2,5,3715,0.58,15,1457,0.23,1,150,0.02,47,,277,930001,145.49,,,,22,2860,0.45,1,30,4590,0.72,62,48386,7.57,4,592,0.09,9,950,0.15,,,24,26,3845,0.6,73,7228,1.13,5,,1,78,0.01,30,3801,0.59,5,275,0.04,26,1672,0.26,,,811,392918,61.47,1,3,219,0.03,4,591,0.09,1,106,16991,2.66,1,0,,137,14151,2.21,3,1,0,,1,9,1926,0.3,,,,2,87,0.01,,,,98,1,0,,6,4577,0.72,,4,168,0.03,,,,,,,22,7290,1.14,4,608,0.1,,1,24,0,,,,66,24853,3.89,1,150,0.02,1,,,,,,10,2332,0.36,34,8738,1.37,9,195,0.03,84,42944,6.72,3,349,0.05,7,2,297,0.05,,,,,,,,32,4731,0.74,,12,1177,0.18,1,,,,,6,246,0.04,,,,16,3,13,,,,1,3,8,8100,1.27,,,,9,7775,1.22,18,540,0.08,4,13072,2.05,4,11500,1.8,1,20,0,1,,15,10,,,,1,701,0.11,5,,,1,35,0.01,18,2014,0.32,1,98,7,5,2,72,26322,4.12,19,14350,2.24,1,150,0.02,1,180,0.03,1,60,0.01,,,,,,,7,933,0.15,2,202,0.03,,,,,,,5,135,0.02,,,,,,,,,,29,8557,1.34,3,690,0.11,9,461,0.07,4,1853,0.29,9,3098,0.48,2,189,0.03,1,4,3,574,281105,43.98,,,,1,,,,2,263,0.04,6,750,0.12,16,2710,0.42,5,302,0.05,,,,42,4569,0.71,,,,,,,97,26078,4.08,16,2601,0.41,,,,,,,,,,,,,,,16,13117,2.05,6,8,1618,0.25,,,,,,,,,,1,40,0.01,,,,2,85,0.01,28,4612,0.72,,,,3,780,0.12,,,,100,20924,3.27,,6,404,126830,19.84,,,1,240,0.04,,,,1,4,30,0,1,40,0.01,,,,,,13,2606,0.41,1,701,0.11,33,8390,1.31,1,122,54977,8.6,42,,1,,,,20,,,,,18,13114,2.05,20,1922,0.3,54,12760,2,1,134,0.02,4,AZ,Arizona,6392017
6697,1614357,553.64,4833,1136611,389.8,547,107202,36.76,939,205332,70.42,126,122662,42.07,10,1200,0.41,242,41350,14.18,5,184,27991,9.6,14,1787,0.61,,,,,,,1,,,,,,,,463,80814,27.71,1,113,0.04,,,,,2,130,0.04,9,3,420,0.14,,,,1,44,0.02,,,,,,,,,436,68946,23.64,,5,152,0.05,,,,5,1266,0.43,4,431,0.15,1,107,0.04,,,,,,,,,,,,7,652,0.22,6,1304,0.45,,,,,,,8,,126,122662,42.07,1,10,0,7,422,0.14,,50,7847,2.69,57,8974,3.08,79,11199,3.84,,,,4,7,11,30,2397,0.82,87,9996,3.43,4,,5,135,0.05,103,17353,5.95,4,499,0.17,27,1014,0.35,12,,62,27559,9.45,,1,37,0.01,,,,,108,16291,5.59,,,,721,84635,29.03,,2,18,0.01,3,17,2046,0.7,,,,,,,1,15,0.01,,,,,,,,,2,79,0.03,,,,,,,,,,1,18,0.01,,61,3592,1.23,,,,57,13469,4.62,,,,,,1,,,,,,,5,944,0.32,,,,21,4450,1.53,,,,,2,134,0.05,,,,,,,,8,927,0.32,,1,48,0.02,,,,,,2,107,0.04,,,,3,,7,,,,,2,2,330,0.11,1,22,0.01,2,1992,0.68,4,128,0.04,,,,1,400,0.14,,,,,,6,4,,,,1,41,0.01,2,1,,,,,15,1146,0.39,,88,,1,,66,11843,4.06,1,72,0.02,,,,,,,,,,,,,,,,2,72,0.02,,,,,,,,,,1,15,0.01,,,,,,,,,,13,3746,1.28,,,,193,21803,7.48,9,1559,0.53,105,38559,13.22,49,8569,2.94,,3,1,497,129638,44.46,,,,,,,,2,192,0.07,1,60,0.02,1,60,0.02,,,,,,,131,14247,4.89,,,,,,,111,20536,7.04,9,928,0.32,,,,,,1,185,0.06,,,,,,,7,1487,0.51,4,,,,1,20,0.01,,,,,,,,,,,,,1,51,0.02,14,2089,0.72,,,,2,321,0.11,2,162,0.06,77,9960,3.42,,,1515,661382,226.82,1,,,,,6,883,0.3,1,1,63,0.02,,,,,,,,,7,710,0.24,,,,3,236,0.08,,691,158574,54.38,160,,,,,,7,,,,,1,206,0.07,9,449,0.15,6,587,0.2,,,,5,AR,Arkansas,2915918
23558,16765751,450.04,13612,3502250,94.01,815,249191,6.69,3161,880981,23.65,1317,10234036,274.71,284,154331,4.14,4369,1744962,46.84,,98,61557,1.65,35,5225,0.14,,,,1,151,0,5,,,,,,,7,85,8658,0.23,458,114797,3.08,,,,,,,,83,29,10066,0.27,2,138,0,6,264,0.01,2,11,5460,0.15,23,32900,0.88,10,1260,348747,9.36,3,17,525,0.01,7,1,8,217,29638,0.8,,,,,,,,,,,5,505,0.01,18,,,,498,250945,6.74,109,65463,1.76,126,10532,0.28,2,110,0,331,,1315,10233334,274.69,,,,230,61456,1.65,14,202,22978,0.62,212,82719,2.22,53,12952,0.35,141,26922,0.72,,38,181,122,20634,0.55,222,25547,0.69,31,,2,47,0,301,72496,1.95,7,1078,0.03,116,6503,0.17,1,,1362,763818,20.5,13,24,2534,0.07,3,670,0.02,4,435,86715,2.33,1,19,0,632,73405,1.97,,8,525,0.01,3,41,6619,0.18,,,,,,,,,,226,9,5755,0.15,62,51738,1.39,3,1,80,0,,,,,,,151,36720,0.99,38,24208,0.65,,5,952,0.03,,,,409,130709,3.51,6,2550,0.07,10,1,,,,,148,53984,1.45,180,59607,1.6,41,5686,0.15,446,123908,3.33,6,253,0.01,6,18,9108,0.24,,,,,,,,586,105086,2.82,,91,12575,0.34,,,,,,2,113,0,3,464,0.01,54,2,100,2,250,0.01,31,6,42,38463,1.03,,,,63,45234,1.21,156,6130,0.16,45,5142,0.14,34,55626,1.49,3,190,0.01,4,,3,71,41,1603,0.04,7,8960,0.24,12,,,,,,106,13572,0.36,5,611,69,131,88,392,105084,2.82,41,24525,0.66,1,300,0.01,2,360,0.01,5,765,0.02,,,,2,92,0,36,3130,0.08,16,1892,0.05,,,,,,,41,9662,0.26,,,,2,341,0.01,,,,246,272814,7.32,29,6799,0.18,52,3035,0.08,45,19490,0.52,113,57968,1.56,79,13746,0.37,11,25,1,2964,1420908,38.14,55,17780,0.48,7,,,,33,3059,0.08,43,5819,0.16,229,54625,1.47,34,3108,0.08,2,890,0.02,226,28084,0.75,1,2,2,275,0.01,1,553,170641,4.58,106,11352,0.3,,,,,,19,5757,0.15,1,239,0.01,10,6771,0.18,95,102270,2.75,23,47,31940,0.86,14,1001,0.03,,,,,,,3,200,0.01,5,1550,0.04,23,7354,0.2,104,39338,1.06,,,,18,8646,0.23,7,456,0.01,613,214635,5.76,,60,2147,489953,13.15,,4,7,7240,0.19,,,,16,70,14167,0.38,4,560,0.02,1,114,0,,8,71,15760,0.42,1,702,0.02,234,42397,1.14,5,667,232399,6.24,261,,15,,,,75,,8,6650,0.18,81,30428,0.82,83,13529,0.36,48,7996,0.21,8,1837,0.05,6,CA,California,37253956
4188,1902282,378.25,2388,601009,119.5,44,13019,2.59,742,246706,49.05,305,811630,161.38,37,11213,2.23,672,218705,43.49,,6,2313,0.46,2,243,0.05,,,,,,,,,,,,,,2,10,907,0.18,64,20030,3.98,,,,,4,330,0.07,28,7,1278,0.25,1,81,0.02,,,,,1,180,0.04,,,,,176,50633,10.07,,1,0,,1,,1,32,2856,0.57,,,,,,,,,,,,,,1,,,,36,16230,3.23,6,4087,0.81,27,3603,0.72,,,,33,1,303,811630,161.38,,,,15,3571,0.71,2,39,11291,2.25,78,26461,5.26,2,922,0.18,17,4605,0.92,,1,29,19,1045,0.21,28,3506,0.7,3,,1,6,0,16,2425,0.48,3,236,0.05,12,442,0.09,,,289,142473,28.33,,9,717,0.14,4,391,0.08,3,79,15096,3,,,,146,15760,3.13,,,,,3,20,2560,0.51,1,0,,,,,,,,45,11,1663,0.33,3,4112,0.82,,,,,1,0,,,,,35,9240,1.84,1,400,0.08,,,,,,,,102,26683,5.31,1,500,0.1,4,,,,,,23,10165,2.02,65,16637,3.31,13,1390,0.28,114,55573,11.05,,,,,18,14733,2.93,,,,,,,,63,8080,1.61,,10,1461,0.29,,,,,,9,518,0.1,,,,2,2,14,,,,1,11,9,6395,1.27,,,,2,1812,0.36,29,1177,0.23,4,48,0.01,1,2000,0.4,,,,1,,3,22,,,,3,1011,0.2,,,,,,,33,2958,0.59,1,100,1,5,1,122,42353,8.42,9,4634,0.92,,,,1,90,0.02,1,30,0.01,,,,,,,19,1976,0.39,4,529,0.11,,,,,,,5,880,0.17,,,,,,,,,,17,16738,3.33,1,37,0.01,6,75,0.01,2,588,0.12,10,5795,1.15,4,733,0.15,1,4,21,476,229981,45.73,4,448,0.09,4,,,,3,43,0.01,9,975,0.19,14,2175,0.43,6,625,0.12,,,,10,1087,0.22,,,2,200,0.04,2,125,35957,7.15,22,3899,0.78,,,,,,,,,1,273,0.05,2,1261,0.25,14,12488,2.48,4,10,2267,0.45,3,210,0.04,,,,,,,3,329,0.07,,,,1,600,0.12,13,9139,1.82,,,,2,765,0.15,3,193,0.04,102,19456,3.87,,4,382,71166,14.15,,,,,,1,70,0.01,3,5,875,0.17,,,,,,,,1,18,5072,1.01,,,,59,14940,2.97,,212,78881,15.68,45,,2,,,,14,,,,,16,14383,2.86,12,3031,0.6,26,4558,0.91,1,13,0,8,CO,Colorado,5029196
2597,1830862,512.26,871,157336,44.02,106,22969,6.43,806,281174,78.67,412,1254340,350.95,55,19632,5.49,347,95411,26.7,,14,4474,1.25,24,5845,1.64,,,,,,,1,,,,,,,,,,,122,40672,11.38,4,1003,0.28,,,,,7,2,1061,0.3,1,575,0.16,,,,,1,500,0.14,3,1000,0.28,,89,17947,5.02,,,,,,,1,8,1014,0.28,,,,,,,1,43,0.01,,,,,,,,,23,5297,1.48,4,1296,0.36,10,917,0.26,,,,2,,399,1252936,350.56,,,,19,2601,0.73,5,8,168,0.05,6,699,0.2,7,2180,0.61,1,245,0.07,,,18,2,100,0.03,63,9379,2.62,2,,,,,27,3870,1.08,1,0,,8,1149,0.32,,,32,14990,4.19,12,,,,2,599,0.17,,20,2007,0.56,,,,23,2618,0.73,,,,,,3,365,0.1,4,657,0.18,,,,,,,14,8,573,0.16,27,18681,5.23,,,,,,,,,,,17,5010,1.4,1,390,0.11,,,,,,4,,171,59261,16.58,,,,,,,,,,14,2644,0.74,23,3666,1.03,,,,73,24736,6.92,,,,,1,184,0.05,,,,,,,,6,292,0.08,,6,974,0.27,,,10,628,0.18,,,,,,,3,,3,,,,1,,17,11727,3.28,,,,6,3890,1.09,21,686,0.19,,,,2,1883,0.53,,,,,,,,,,,3,621,0.17,3,,3,1,75,0.02,1,152,0.04,2,55,,4,,37,9785,2.74,2,131,0.04,,,,,,,,,,,,,,,,,,,2,127,0.04,,,,,,,,,,,,,,,,,,,36,13418,3.75,25,3412,0.95,,,,3,2774,0.78,5,2858,0.8,4,727,0.2,6,4,,276,72863,20.39,1,,,,,,,1,29,0.01,18,3086,0.86,35,8160,2.28,2,132,0.04,,,,3,327,0.09,5,,,,,11,19,7380,2.06,12,1105,0.31,,,,,,1,241,0.07,,,,1,432,0.12,22,20366,5.7,2,,,,,,,,,,,,,,,,,,,4,340,0.1,22,3840,1.07,,,,,,,3,58,0.02,55,8749,2.45,,2,52,7271,2.03,,,,,,,,,2,,,,5,525,0.15,,,,1,2,19,3928,1.1,2,1404,0.39,242,96506,27,6,124,47627,13.33,27,1,,,,,7,,,,,3,471,0.13,4,179,0.05,2,243,0.07,0,88,0.02,9,CT,Connecticut,3574097
831,374917,417.53,363,64625,71.97,75,13371,14.89,273,86858,96.73,45,182532,203.28,8,1486,1.65,67,26045,29.01,,39,9364,10.43,7,876,0.98,,,,,,,,,,,,,,,1,105,0.12,16,4699,5.23,,,,,9,1424,1.59,1,2,131,0.15,,,,,,,,,,,,,,,16,5720,6.37,,,,,,,1,6,279,0.31,,,,,,,3,755,0.84,,1,95,0.11,1,,,,4,421,0.47,,,,1,13,0.01,,,,1,,45,182532,203.28,,,,8,987,1.1,1,2,107,0.12,9,1281,1.43,,,,,,,,1,4,5,315,0.35,20,4054,4.51,,,,,,5,899,1,,,,8,560,0.62,,,12,4832,5.38,3,2,269,0.3,,,,,15,1703,1.9,,,,12,1306,1.45,,1,0,,,2,322,0.36,,,,,,,,,,1,,,,2,1253,1.4,,3,510,0.57,,,,,,,2,1050,1.17,1,210,0.23,,,,,,2,,35,10808,12.04,,,,,,,,,,,,,5,835,0.93,,,,14,6512,7.25,,,,,,,,,,,,,,,,,,,,,,,,,,,8,602,0.67,,,,5,,5,,,,,,1,550,0.61,,,,1,1742,1.94,3,51,0.06,1,12,0.01,1,6000,6.68,,,,,,,1,,,,1,63,0.07,,,,,,,2,242,0.27,,14,1,,,7,2133,2.38,,,,,,,,,,,,,,,,,,,6,292,0.33,1,42,0.05,,,,,,,,,,,,,,,,,,,5,7124,7.93,,,,2,109,0.12,1,0,,10,2050,2.28,1,182,0.2,,,,106,22973,25.58,,,,,,,,,,,2,320,0.36,1,60,0.07,2,268,0.3,,,,1,109,0.12,3,,,,,,36,9907,11.03,12,3159,3.52,,,,,,,,,,,,1,748,0.83,1,1812,2.02,,,,,,,,,,,,,,,,,,,,,,,4,571,0.64,,,,,,,,,,22,3291,3.67,,1,33,7387,8.23,,1,,,,,,,,,,,2,275,0.31,,,,,,5,1331,1.48,,,,3,525,0.58,4,158,53656,59.75,9,,,,,,1,,,,,,,,16,2872,3.2,1,187,0.21,0,45,0.05,10,DE,Delaware,897934
609,332342,552.32,200,75306,125.15,109,50602,84.1,181,82388,136.92,45,75948,126.22,12,14050,23.35,62,34048,56.58,,13,5465,9.08,14,3153,5.24,,,,,,,3,,,,,,,,,,,63,37379,62.12,,,,,,,,4,2,100,0.17,,,,1,40,0.07,,,,,1,1000,1.66,1,7,4033,6.7,,,,,,,,1,521,0.87,,,,,,,,,,,1,92,0.15,,,,,10,4391,7.3,1,1007,1.67,3,523,0.87,,,,,,45,75948,126.22,,,,2,375,0.62,,4,1605,2.67,,,,5,2427,4.03,1,156,0.26,,1,6,6,446,0.74,3,193,0.32,,,,,,9,1496,2.49,,,,4,349,0.58,,,1,420,0.7,4,1,155,0.26,,,,,5,669,1.11,,,,4,620,1.03,,,,,,1,137,0.23,,,,,,,,,,1,,,,2,4706,7.82,,,,,,,,,,,,,,,,,,,,,,,,32,18551,30.83,2,1150,1.91,3,,,,,,1,38,0.06,1,20,0.03,,,,13,3305,5.49,,,,,,,,,,,,,,,1,15,0.02,,1,56,0.09,,,3,497,0.83,,,,,,,4,,,,,,2,,2,9500,15.79,,,,5,3853,6.4,4,60,0.1,,,,,,,,,,1,,,,,,,,,,3,,,,,,,,,,4,,,,2,821,1.36,,,,,,,,,,,,,,,,,,,3,127,0.21,1,412,0.68,,,,,,,,,,,,,1,143,0.24,,,,7,4032,6.7,,,,,,,,,,30,22599,37.56,4,403,0.67,1,,,61,34292,56.99,,,,1,,,,,,,1,1500,2.49,3,1200,1.99,,,,,,,,,,3,,,,,,16,6435,10.69,1,494,0.82,,,,,,22,15059,25.03,,,,,,,3,11758,19.54,,,,,,,,,,,,,,,,,,,,1,800,1.33,3,357,0.59,,,,,,,1,59,0.1,11,5219,8.67,,1,63,26600,44.21,,1,,,,,,,1,,,,,,,1,10,0.02,1,1,3,1426,2.37,,,,9,3397,5.65,4,29,10664,17.72,2,,1,,,,2,,,,,,,,1,70,0.12,,,,1,14,0.02,11,DC,District Of Columbia,601723
15611,7357588,391.33,10307,3049524,162.2,1107,333390,17.73,1994,870959,46.32,552,2515243,133.78,142,60170,3.2,1509,528302,28.1,,453,111300,5.92,30,4410,0.23,,,,1,16,0,1,,,,,,,2,78,10868,0.58,24,18948,1.01,3,177,0.01,,1,125,0.01,60,14,4090,0.22,3,170,0.01,4,170,0.01,1,2,230,0.01,7,2810,0.15,,688,246270,13.1,,21,4290,0.23,2,,,76,9110,0.48,2,171,0.01,,,,,,,4,4,371,0.02,54,1,22,0,80,27940,1.49,16,9120,0.49,45,5040,0.27,,,,56,,547,2513839,133.71,,,,150,23687,1.26,9,116,18976,1.01,195,53140,2.83,52,10693,0.57,19,2384,0.13,,1,72,107,15832,0.84,613,109332,5.82,13,90,,,,144,22375,1.19,4,239,0.01,146,8377,0.45,1,7,235,136925,7.28,48,19,1734,0.09,3,471,0.03,3,235,44889,2.39,3,438,0.02,500,70094,3.73,3,2,65,0,3,32,4007,0.21,,,,18,669,0.04,8,351,0.02,6,,,,47,42193,2.24,,4,688,0.04,,,,,,,60,8610,0.46,19,5603,0.3,1,5,459,0.02,,2,,334,129482,6.89,1,200,0.01,2,,,,,,24,2935,0.16,32,6268,0.33,4,821,0.04,194,68140,3.62,9,1060,0.06,,10,3058,0.16,,,,,,,,53,3927,0.21,,33,3605,0.19,1,,,,,20,576,0.03,1,0,,28,,44,,,,15,7,34,32587,1.73,,,,25,19044,1.01,47,1962,0.1,12,243,0.01,21,15816,0.84,1,20,0,1,,32,7,,,,9,3593,0.19,17,2,3,1,40,0,174,27660,1.47,8,315,5,2,1,180,65448,3.48,14,3978,0.21,2,1160,0.06,2,288,0.02,7,444,0.02,,,,,,,27,2975,0.16,20,3046,0.16,,,,,,,11,553,0.03,,,,,,,5,942,0.05,118,164846,8.77,14,4087,0.22,60,6371,0.34,55,33439,1.78,172,122811,6.53,119,26877,1.43,2,24,1,2387,868527,46.2,9,1125,0.06,5,,,,32,2779,0.15,26,3641,0.19,139,25805,1.37,14,892,0.05,1,80,0,24,2612,0.14,10,5,,,,3,351,127670,6.79,150,36595,1.95,,,,,4,6,1485,0.08,,,,5,800,0.04,57,59550,3.17,27,12,1430,0.08,,,,,,,3,,,1,106,0.01,1,100,0.01,7,2550,0.14,49,12977,0.69,,,,6,4525,0.24,8,371,0.02,405,119209,6.34,,8,2965,1247345,66.34,5,2,4,1350,0.07,,,,1,,,,3,315,0.02,,,,,6,45,5784,0.31,2,1404,0.07,101,29582,1.57,,768,468080,24.9,135,2,1,,,,68,1,,,,27,10766,0.57,41,3774,0.2,39,6222,0.33,3,117,0.01,12,FL,Florida,18801310
12292,4924376,508.31,7947,2853360,294.54,1256,381421,39.37,2230,855259,88.28,185,596384,61.56,45,15376,1.59,629,222576,22.98,,540,117271,12.11,28,4825,0.5,,,,,,,6,,,,,,,,20,3379,0.35,19,13978,1.44,1,60,0.01,,,,,30,2,610,0.06,1,41,0,2,87,0.01,,1,150,0.02,1,450,0.05,,253,56268,5.81,,14,1379,0.14,,,7,33,7690,0.79,3,477,0.05,,,,,,,,,,,1,,,,27,10698,1.1,10,4365,0.45,5,602,0.06,,,,16,,185,596384,61.56,,,,51,7238,0.75,5,68,20989,2.17,163,43168,4.46,144,32695,3.37,3,234,0.02,,4,18,49,3000,0.31,532,175184,18.08,2,27,3,164,0.02,116,26235,2.71,3,489,0.05,115,7187,0.74,,3,150,77587,8.01,22,,,,,,,1,93,11292,1.17,,,,417,55105,5.69,,,,,2,5,590,0.06,,,,104,8461,0.87,16,5946,0.61,,,,,11,11100,1.15,,1,13,0,1,0,,4,610,0.06,3,270,0.03,4,1029,0.11,,6,571,0.06,,,,166,68812,7.1,2,1050,0.11,3,,1,,,,5,1696,0.18,5,305,0.03,,,,84,29076,3,,,,7,5,1734,0.18,,,,,,,,22,1773,0.18,1,4,761,0.08,1,,,,,5,183,0.02,,,,35,1,2,,,,1,1,10,6265,0.65,,,,18,15911,1.64,17,634,0.07,3,1474,0.15,7,10907,1.13,1,20,0,,,7,3,,,,6,2275,0.23,2,,,3,260,0.03,72,9320,0.96,3,173,6,8,5,44,9975,1.03,10,1663,0.17,,,,4,378,0.04,2,324,0.03,,,,,,,4,126,0.01,5,648,0.07,,,,,,,8,950,0.1,,,,,,,1,154,0.02,69,52578,5.43,5,270,0.03,114,10301,1.06,8,4650,0.48,272,172982,17.86,68,14390,1.49,,3,,1449,566782,58.51,1,107,0.01,4,,,,1,0,,7,1225,0.13,18,7410,0.76,3,376,0.04,,,,8,871,0.09,22,,,,,,296,92436,9.54,139,31991,3.3,,,,,,18,8373,0.86,,,,1,543,0.06,18,17191,1.77,19,2,282,0.03,,,,,,,,,4,1,35,0,2,1040,0.11,2,875,0.09,26,6208,0.64,,,,1,1600,0.17,4,105,0.01,197,45780,4.73,1,5,3613,1759317,181.6,8,,1,100,0.01,,,,1,1,0,,1,200,0.02,1,94,0.01,1,1,17,3139,0.32,,,,19,9037,0.93,5,1550,619394,63.94,94,,,,,,14,,,,,16,4081,0.42,27,13778,1.42,9,2133,0.22,1,157,0.02,13,GA,Georgia,9687653
1314,561980,413.13,622,130265,95.76,,,,218,40833,30.02,93,249619,183.5,6,340,0.25,375,140923,103.6,,,,,,,,,,,,,,,,,,,,,,3,199,0.15,3,658,0.48,,,,,,,,1,,,,,,,,,,,,,,,,,,83,22543,16.57,,,,,,,,26,869,0.64,,,,,,,,,,,,,,,,,,127,61727,45.38,5,3692,2.71,8,340,0.25,,,,23,,93,249619,183.5,,,,9,1591,1.17,,4,216,0.16,11,1745,1.28,,,,1,50,0.04,,,7,1,24,0.02,29,2250,1.65,,,,,,,,,,,,3,196,0.14,,,134,69872,51.37,,,,,,,,,25,3935,2.89,,,,14,911,0.67,,,,,,,,,5,483,0.36,,,,,,,1,1,24,0.02,1,108,0.08,,,,,,,,,,,3,270,0.2,1,50,0.04,,,,,,,,34,6932,5.1,,,,,,,,,,2,535,0.39,7,1340,0.99,,,,11,2573,1.89,,,,,,,,,,,,,,,45,29677,21.82,,,,,,,,,,,,,,,,,,2,,,,2,,2,190,0.14,,,,4,2312,1.7,9,455,0.33,2,24,0.02,,,,,,,1,,,,5,116,0.09,3,407,0.3,,,,,,,5,590,0.43,,36,1,6,4,9,1504,1.11,,,,,,,,,,,,,,,,,,,2,34,0.02,1,40,0.03,,,,,,,16,1712,1.26,,,,,,,,,,2,616,0.45,,,,1,40,0.03,,,,,,,,,,,2,,128,32315,23.76,,,,,,,,,,,1,25,0.02,2,120,0.09,1,34,0.02,,,,1,109,0.08,,,,,,,6,1827,1.34,3,287,0.21,,,,,,,,,,,,,,,1,610,0.45,2,,,,,,,,,,,,,,,,,,,1,25,0.02,12,2458,1.81,,,,1,50,0.04,,,,33,6689,4.92,2,1,108,18520,13.61,,,,,,,,,,,,,,,,,,,,,1,174,0.13,,,,115,19684,14.47,,31,8304,6.1,19,,1,,,,5,,,,,2,173,0.13,,,,1,103,0.08,0,4,0,15,HI,Hawaii,1360301
2427,801655,511.4,881,201546,128.57,5,822,0.52,253,57056,36.4,108,123400,78.72,8,818,0.52,1172,418013,266.66,,,,,,,,,,,,,,,,,,,,,,5,345,0.22,36,7363,4.7,,,,,,,,2,4,363,0.23,,,,,,,,,,,,,,,89,22183,14.15,,,,,,,1,10,814,0.52,,,,,,,,,,1,,,,,,,,8,1514,0.97,2,566,0.36,3,106,0.07,,,,29,,108,123400,78.72,,,,8,1573,1,1,16,3261,2.08,27,20145,12.85,2,252,0.16,1,33,0.02,,,8,8,1329,0.85,12,750,0.48,1,,,,,3,570,0.36,8,1183,0.75,11,473,0.3,,,1067,409265,261.08,,6,757,0.48,1,435,0.28,1,53,17967,11.46,2,23,0.01,43,3267,2.08,,,,,4,8,1024,0.65,,,,,,,,,,10,3,309,0.2,,,,,,,,,,,,,,1,90,0.06,,,,,,,,,,,36,5887,3.76,,,,,,,,,,1,79,0.05,8,1095,0.7,15,2296,1.46,35,8337,5.32,,,,2,,,,,,,,1,111,0.07,25,1606,1.02,,9,1614,1.03,,,,,,1,0,,,,,,,13,,,,,1,2,215,0.14,,,,1,1562,1,2,31,0.02,,,,,,,,,,,,1,10,3,35,0.02,1,90,0.06,,,,,,,1,24,0.02,,43,,1,,43,9863,6.29,8,1931,1.23,,,,,,,,,,,,,,,,5,556,0.35,1,24,0.02,,,,,,,,,,,,,,,,,,,6,1732,1.1,,,,6,326,0.21,,,,,,,,,,,2,,193,62637,39.96,2,256,0.16,1,,,,1,13,0.01,,,,1,60,0.04,3,142,0.09,,,,7,763,0.49,,,,,,,50,7510,4.79,1,182,0.12,,,,,,,,,,,,,,,1,575,0.37,2,3,2069,1.32,,,,,,,,,,,,,,,,1,100,0.06,7,19269,12.29,,,,1,140,0.09,,,,60,10047,6.41,,,95,13037,8.32,,,,,,,,,1,,,,,,,,,,,,6,755,0.48,,,,11,1255,0.8,,61,21315,13.6,15,,3,,,,3,,,,,6,3793,2.42,3,173,0.11,3,781,0.5,0,9,0.01,16,ID,Idaho,1567582
12453,7094832,552.96,6400,1649402,128.55,668,220435,17.18,3216,933690,72.77,1089,3648907,284.39,118,76138,5.93,962,566260,44.13,,109,23924,1.86,18,3905,0.3,1,350,0.03,,,,2,,,,,,,1,15,888,0.07,274,69456,5.41,3,593,0.05,,47,6267,0.49,40,7,4521,0.35,19,9478,0.74,1,43,0,,3,2000,0.16,5,2850,0.22,,320,119747,9.33,1,,,,22,,2,41,5715,0.45,2,360,0.03,1,197,0.02,,,,,3,287,0.02,3,,,,50,21202,1.65,23,8805,0.69,13,1270,0.1,2,425,0.03,14,,1082,3648907,284.39,,,,53,7258,0.57,10,153,41052,3.2,482,131926,10.28,37,12269,0.96,47,16337,1.27,,6,59,100,8196,0.64,134,16656,1.3,7,,11,609,0.05,163,31792,2.48,1,95,0.01,18,1047,0.08,,,128,55750,4.35,5,38,4370,0.34,1,260,0.02,2,223,34303,2.67,3,59,0,275,26427,2.06,,26,4102,0.32,2,53,5334,0.42,,,,,,,,,,33,14,2621,0.2,21,20325,1.58,,1,142,0.01,,,,,,,99,17640,1.37,3,2600,0.2,,37,2724,0.21,2,2,,165,42623,3.32,2,610,0.05,1,2,3,10,672,0.05,78,13680,1.07,108,27188,2.12,1,21,0,497,222698,17.36,1,166,0.01,2,7,2294,0.18,,,,,14,3448,0.27,43,6823,0.53,,57,5580,0.43,,,2,299,0.02,13,736,0.06,4,324,0.03,39,1,64,1,150,0.01,,5,35,41364,3.22,,,,24,10441,0.81,30,1010,0.08,5,661,0.05,8,8300,0.65,1,55,0,1,,4,50,,,,4,2648,0.21,13,3,,,,,5,198,0.02,1,197,8,12,7,503,243192,18.95,23,12415,0.97,2,1400,0.11,3,522,0.04,4,720,0.06,,,,,,,52,7587,0.59,4,208,0.02,3,391,0.03,,,,23,2923,0.23,,,,1,274,0.02,,,,108,359264,28,24,3096,0.24,41,4304,0.34,26,9898,0.77,155,103542,8.07,65,19317,1.51,8,14,9,1443,533464,41.58,12,1787,0.14,15,,,,15,1336,0.1,19,4469,0.35,63,16710,1.3,14,1144,0.09,1,40,0,19,2068,0.16,3,,,,,7,422,101312,7.9,45,7293,0.57,,,,,1,43,15788,1.23,3,747,0.06,2,2330,0.18,41,40803,3.18,9,43,12753,0.99,,,,1,42,0,,,,2,79,0.01,2,740,0.06,3,595,0.05,51,18379,1.43,,,,13,9284,0.72,2,70,0.01,158,30370,2.37,,4,1059,283519,22.1,,2,2,560,0.04,1,378,0.03,1,,,,5,2290,0.18,3,180,0.01,2,5,36,8111,0.63,,,,351,124398,9.7,6,1245,314461,24.51,190,6,4,,,,24,,,,,22,8568,0.67,25,5266,0.41,38,9143,0.71,1,229,0.02,17,IL,Illinois,12830632
9061,2874144,443.28,5364,1238154,190.96,316,94705,14.61,2484,689902,106.4,453,747706,115.32,50,22883,3.53,394,80794,12.46,,54,12011,1.85,15,3157,0.49,,,,1,26,0,1,,,,1,127,0.02,,22,2204,0.34,338,94067,14.51,4,315,0.05,,300,45144,6.96,21,7,1492,0.23,12,3617,0.56,,,,,,,,,,,,257,54710,8.44,,,,,2,1,1,8,1319,0.2,11,1428,0.22,2,55,0.01,,,,,30,3882,0.6,4,,,,20,3502,0.54,5,350,0.05,2,156,0.02,3,105,0.02,19,,449,747706,115.32,6,280,0.04,31,5679,0.88,,185,66307,10.23,568,199088,30.71,18,6476,1,18,6092,0.94,7,4,26,143,20618,3.18,111,16698,2.58,1,,10,313,0.05,77,11729,1.81,2,185,0.03,29,1232,0.19,,10,99,41290,6.37,5,91,12250,1.89,,,,,269,55725,8.59,26,3535,0.55,334,34152,5.27,12,25,4902,0.76,1,12,1318,0.2,1,124,0.02,,,,,,,1,3,557,0.09,4,2968,0.46,,9,2287,0.35,,,,,,,11,4560,0.7,1,455,0.07,,6,543,0.08,,1,,83,14998,2.31,2,500,0.08,1,3,8,,,,7,1324,0.2,24,11783,1.82,,,,171,57417,8.86,3,403,0.06,7,12,5248,0.81,,,,,8,1905,0.29,27,4563,0.7,,44,4190,0.65,1,,1,10,0,10,407,0.06,94,8631,1.33,23,,95,,,,14,5,8,10791,1.66,,,,3,2230,0.34,14,428,0.07,,,,1,400,0.06,,,,1,,5,33,,,,2,447,0.07,6,3,,1,40,0.01,7,369,0.06,,107,,2,1,224,107846,16.63,10,2311,0.36,1,3500,0.54,,,,,,,,,,,,,61,13010,2.01,2,526,0.08,,,,14,708,0.11,87,23420,3.61,,,,1,487,0.08,,,,33,14573,2.25,9,926,0.14,25,1718,0.26,24,12008,1.85,62,38955,6.01,28,4856,0.75,4,5,1,1179,396576,61.16,2,158,0.02,10,,,,2,106,0.02,8,1530,0.24,4,1250,0.19,3,340,0.05,,,,26,2827,0.44,1,,,,,4,237,48969,7.55,19,2949,0.45,1,,,,,10,5513,0.85,1,119,0.02,0,1370,0.21,16,6419,0.99,11,11,9487,1.46,,,,,,,,,,10,1174,0.18,1,30,0,3,211,0.03,36,13744,2.12,,,,8,3734,0.58,1,27,0,99,14147,2.18,,2,424,112064,17.28,,1,,,,,,,,,,,3,220,0.03,8,1020,0.16,4,,17,3192,0.49,,,,132,32503,5.01,,1183,355043,54.76,151,,3,,,,10,,,,,17,8511,1.31,217,23891,3.68,11,1327,0.2,0,29,0,18,IN,Indiana,6483802
5107,1642344,539.12,2152,402376,132.08,47,17902,5.88,2150,666637,218.83,454,503080,165.14,15,2232,0.73,289,50117,16.45,,12,2198,0.72,1,138,0.05,,,,,,,,1,433,0.14,,,,10,,,,102,17165,5.63,,,,,52,7179,2.36,1,3,700,0.23,8,1989,0.65,,,,,,,,,,,,129,27755,9.11,,,,,7,,1,8,1019,0.33,2,370,0.12,1,110,0.04,,,,,1,96,0.03,1,,,,4,561,0.18,5,739,0.24,2,493,0.16,,,,7,,454,503080,165.14,,,,20,5199,1.71,8,136,38654,12.69,122,23591,7.74,1,126,0.04,59,20457,6.72,7,,13,9,287,0.09,19,1363,0.45,2,,3,79,0.03,9,1183,0.39,4,432,0.14,9,442,0.15,,,69,24614,8.08,,25,2536,0.83,3,479,0.16,,75,10173,3.34,2,17,0.01,71,4260,1.4,,8,355,0.12,1,49,7669,2.52,3,281,0.09,,,,,,,14,9,1859,0.61,3,1069,0.35,,5,555,0.18,9,545,0.18,,,,41,4950,1.62,2,130,0.04,1,1,27,0.01,,,,61,9060,2.97,,,,,,6,,,,18,1871,0.61,89,19945,6.55,,,,439,229557,75.35,19,1292,0.42,2,1,178,0.06,,,,,,,,26,3105,1.02,,17,641,0.21,,,,,,1,13,0,37,3807,1.25,2,,99,,,,6,1,6,1180,0.39,1,95,0.03,2,488,0.16,8,346,0.11,,,,3,1225,0.4,,,,,,7,14,,,,1,38,0.01,1,,,,,,4,239,0.08,,69,,,,294,105148,34.52,48,29089,9.55,,,,,,,1,21,0.01,,,,,,,22,3851,1.26,2,180,0.06,,,,,,,5,342,0.11,,,,,,,,,,18,6528,2.14,10,1636,0.54,2,94,0.03,,,,19,13265,4.35,2,992,0.33,4,2,3,339,74985,24.61,15,2113,0.69,28,1,76,0.02,41,3765,1.24,2,61,0.02,4,510,0.17,4,153,0.05,,,,3,327,0.11,,,,,,,283,51382,16.87,11,1419,0.47,1,,,,,,,,3,838,0.28,,,,6,2506,0.82,1,80,40714,13.36,1,127,0.04,,,,,1,,3,166,0.05,,,,,,,18,5536,1.82,,,,1,140,0.05,,,,46,4598,1.51,,2,106,16466,5.41,,1,,,,1,103,0.03,,,,,,,,,,,1,,12,2349,0.77,,,,178,38998,12.8,1,810,235190,77.2,46,,8,,,,5,,,,,16,6111,2.01,21,2789,0.92,11,1338,0.44,0,1,0,19,IA,Iowa,3046355
4782,1444455,506.27,2511,516818,181.14,159,41666,14.6,1472,386980,135.63,343,426611,149.52,19,3397,1.19,278,68983,24.18,,41,6285,2.2,3,451,0.16,,,,,,,,,,,,,,1,11,1364,0.48,214,48497,17,,,,,10,940,0.33,2,9,1591,0.56,6,902,0.32,,,,,,,,,,,,151,29767,10.43,,,,,2,,1,6,1324,0.46,4,652,0.23,,,,,,,,3,303,0.11,7,,,,14,6122,2.15,9,1443,0.51,4,638,0.22,,,,12,,343,426611,149.52,,,,5,1374,0.48,4,123,38890,13.63,207,61549,21.57,8,1687,0.59,3,427,0.15,,1,9,49,7182,2.52,31,2080,0.73,2,,,,,52,8778,3.08,26,4427,1.55,10,536,0.19,4,,74,34190,11.98,1,27,2759,0.97,,,,,134,32538,11.4,5,144,0.05,166,17933,6.29,,3,168,0.06,1,34,6061,2.12,,,,,,,,,,1,3,516,0.18,2,2354,0.83,,2,280,0.1,,,,,,,2,180,0.06,1,535,0.19,,,,,,,,75,13629,4.78,,,,1,,,,,,26,7154,2.51,32,6615,2.32,40,4325,1.52,121,34368,12.05,,,,,8,1972,0.69,,2,195,0.07,2,764,0.27,21,3507,1.23,,19,1789,0.63,,,1,41,0.01,3,51,0.02,1,556,0.19,3,1,23,,,,2,,2,345,0.12,,,,2,600,0.21,6,220,0.08,,,,3,1570,0.55,,,,,,14,19,,,,3,654,0.23,,1,,,,,22,1881,0.66,1,70,,1,1,164,59381,20.81,10,1814,0.64,,,,,,,1,15,0.01,2,188,0.07,,,,47,12647,4.43,2,242,0.08,,,,,,,5,407,0.14,,,,,,,,,,21,7744,2.71,6,1207,0.42,13,713,0.25,7,1905,0.67,33,19492,6.83,11,3068,1.08,,1,,609,114013,39.96,8,1211,0.42,2,1,6,0,,,,2,366,0.13,1,500,0.18,2,140,0.05,,,,7,762,0.27,,,,,,,175,37211,13.04,7,1569,0.55,,,,,,,,,,,,,,,3,4882,1.71,4,3,569,0.2,,,,,,,,,,10,688,0.24,,,,1,15,0.01,16,6287,2.2,,,,2,530,0.19,1,108,0.04,66,8368,2.93,,1,317,99329,34.81,,2,,,,,,,,18,5372,1.88,,,,,,,1,1,6,1319,0.46,,,,55,8730,3.06,,690,202989,71.15,17,,,,,,7,,,,,4,2203,0.77,40,5718,2,10,1017,0.36,1,16,0.01,20,KS,Kansas,2853118
7745,2237714,515.68,5462,1448947,333.91,230,64958,14.97,1483,305955,70.51,308,359783,82.91,9,2133,0.49,253,55938,12.89,,56,8730,2.01,24,3257,0.75,,,,1,28,0.01,3,,,,4,414,0.1,1,19,3714,0.86,6,2989,0.69,,,,,62,8172,1.88,17,3,1255,0.29,1,12,0,,,,,,,,,,,,167,22578,5.2,,2,84,0.02,,1,2,2,715,0.16,3,337,0.08,1,109,0.03,,,,,2,192,0.04,4,,,,11,2674,0.62,,,,2,105,0.02,1,3,0,4,,308,359783,82.91,,,,22,6517,1.5,1,227,55034,12.68,382,137241,31.63,20,2882,0.66,,,,,1,5,126,10152,2.34,245,41216,9.5,,,,,,11,817,0.19,4,472,0.11,73,4490,1.03,,28,74,31991,7.37,2,4,306,0.07,,,,,131,17672,4.07,2,47,0.01,607,57388,13.22,4,,,,,5,568,0.13,,,,1,42,0.01,,,,1,,,,4,2571,0.59,,6,263,0.06,,,,,,,1,90,0.02,1,35,0.01,,100,9566,2.2,7,,31,71,17278,3.98,,,,1,2,1,1,48,0.01,1,498,0.11,11,2488,0.57,,,,32,6441,1.48,,,,2,2,198,0.05,,,,,,,,8,523,0.12,,10,999,0.23,,,,,,4,234,0.05,,,,16,,2,,,,3,1,2,720,0.17,,,,,,,7,194,0.04,,,,2,410,0.09,,,,,,5,3,,,,2,243,0.06,,1,,8,640,0.15,7,484,0.11,1,92,,1,,29,5750,1.33,3,2316,0.53,,,,,,,,,,,,,2,243,0.06,2,56,0.01,3,216,0.05,3,356,0.08,,,,2,125,0.03,,,,,,,,,,27,11123,2.56,,,,135,15275,3.52,11,3494,0.81,45,22336,5.15,22,3282,0.76,,2,,354,68184,15.71,,,,1,,,,2,40,0.01,1,120,0.03,1,450,0.1,2,83,0.02,,,,21,2284,0.53,1,,,,,,190,28224,6.5,13,1752,0.4,,7,752,0.17,,15,20160,4.65,,,,,,,6,3791,0.87,6,3,215,0.05,,,,,,,,,,,,,,,,,,,18,4856,1.12,,,,,,,,,,61,7739,1.78,,,2520,1004407,231.46,,,,,,,,,,,,,,,,2,243,0.06,,,8,1332,0.31,,,,27,5728,1.32,1,914,189596,43.69,92,,,,,,3,,,,,11,4689,1.08,43,2080,0.48,4,494,0.11,0,14,0,21,KY,Kentucky,4339367
5841,2746897,605.93,3494,1064486,234.81,741,217176,47.91,766,202751,44.72,564,1200900,264.9,15,2478,0.55,261,59106,13.04,,106,17863,3.94,16,2300,0.51,,,,1,23,0.01,2,,,,,,,,51,10724,2.37,5,5379,1.19,,,,,,,,7,4,563,0.12,,,,,,,,,,,1,200,0.04,,221,54478,12.02,,2,141,0.03,,,3,5,1319,0.29,1,19,0,,,,,,,,,,,,,,,12,4489,0.99,2,314,0.07,2,131,0.03,,,,8,,564,1200900,264.9,,,,6,197,0.04,2,20,3490,0.77,22,2846,0.63,107,17210,3.8,,,,,19,11,55,3615,0.8,64,9444,2.08,,,3,203,0.04,132,21746,4.8,3,437,0.1,21,835,0.18,,1,51,28567,6.3,6,1,114,0.03,,,,,47,4317,0.95,,,,228,24594,5.43,,1,12,0,3,5,540,0.12,,,,,,,10,443,0.1,,,,,2,723,0.16,,,,,,,,,,,2,180,0.04,3,178,0.04,,4,90,0.02,,,,95,28214,6.22,,,,,,,,,,,,,2,370,0.08,,,,18,4625,1.02,,,,2,9,3176,0.7,,,,,,,,14,938,0.21,,10,410,0.09,,,,,,4,68,0.01,,,,58,,1,,,,,,4,1347,0.3,,,,3,3062,0.68,5,150,0.03,,,,3,920,0.2,,,,,,18,9,,,,1,127,0.03,,1,,,,,27,7947,1.75,1,98,,1,,58,10872,2.4,,,,,,,,,,1,30,0.01,,,,,,,3,176,0.04,2,176,0.04,,,,,,,,,,,,,,,,,,,27,9806,2.16,,,,4,459,0.1,53,27093,5.98,187,113433,25.02,71,14299,3.15,,2,,505,195903,43.21,1,133,0.03,,,,,,,,2,160,0.04,4,840,0.19,2,77,0.02,,,,5,544,0.12,1,,,,,,102,12115,2.67,19,2328,0.51,,,,,,5,3232,0.71,,,,,,,12,7267,1.6,7,,,,,,,,,,,,,,,,,,,,,,7,2080,0.46,,,,,,,,,,59,12090,2.67,,1,1607,709650,156.54,10,,,,,,,,1,,,,,,,,,,,1,7,968,0.21,,,,17,1836,0.4,,501,146848,32.39,310,,,,,,5,,,,,7,3737,0.82,4,392,0.09,4,365,0.08,1,10,0,22,LA,Louisiana,4533372
1574,367043,276.31,590,59052,44.45,4,586,0.44,641,93580,70.45,148,190106,143.11,8,1748,1.32,183,21971,16.54,,,,,2,297,0.22,,,,1,32,0.02,1,,,,,,,,3,299,0.23,152,20510,15.44,,,,,3,203,0.15,1,,,,,,,,,,,,,,,,,,47,5747,4.33,,,,,,,2,6,898,0.68,,,,,,,,,,,,,,,,,,19,1048,0.79,1,395,0.3,3,123,0.09,,,,6,,148,190106,143.11,,,,9,859,0.65,1,1,162,0.12,3,43,0.03,,,,3,139,0.1,,,16,,,,27,2134,1.61,,,,,,2,289,0.22,1,45,0.03,1,64,0.05,,,28,10684,8.04,,4,151,0.11,,,,,53,4438,3.34,,,,22,1032,0.78,,,,,1,10,1020,0.77,10,788,0.59,,,,,,,37,10,394,0.3,2,1142,0.86,,,,,,,,,,,3,660,0.5,,,,,,,,,1,,65,12542,9.44,,,,,,,,,,4,228,0.17,7,1238,0.93,,,,17,3791,2.85,,,,,,,,,,,,2,95,0.07,7,574,0.43,,1,36,0.03,,,24,834,0.63,,,,,,,,,6,,,,,,4,1325,1,,,,,,,4,116,0.09,1,42,0.03,,,,1,10,0.01,,,,,,,,,,,3,,1,,,,5,174,0.13,,44,,,,3,476,0.36,,,,,,,,,,,,,,,,,,,,,,,,,,,,,,,,,,,,,,,,,,,5,1332,1,38,3354,2.52,2,160,0.12,,,,,,,,,,5,1,,178,25689,19.34,,,,,,,,,,,,,,4,255,0.19,7,586,0.44,,,,,,,,,,,,,10,523,0.39,2,160,0.12,,,,,,,,,,,,,,,3,1731,1.3,2,,,,,,,,,,,,,,,,,,,2,98,0.07,11,2479,1.87,,,,1,315,0.24,,,,34,3613,2.72,,,21,2681,2.02,,2,,,,,,,,,,,,,,,,,2,,28,3183,2.4,,,,153,22747,17.12,,165,28329,21.33,41,,,,,,1,,,,,5,2895,2.18,11,1697,1.28,1,31,0.02,0,2,0,23,ME,Maine,1328361
5336,2415376,418.35,2484,693990,120.2,317,157854,27.34,1703,500112,86.62,301,837338,145.03,45,24799,4.3,486,201283,34.86,,134,78364,13.57,36,21713,3.76,,,,1,47,0.01,12,,,,,,,1,6,2002,0.35,105,52586,9.11,2,241,0.04,1,10,1512,0.26,27,5,1558,0.27,1,18,0,,,,,1,2000,0.35,,,,,119,29066,5.03,,7,886,0.15,2,1,,29,3109,0.54,1,82,0.01,,,,,,,,3,292,0.05,5,,,,25,6732,1.17,9,6028,1.04,12,891,0.15,,,,8,,300,837338,145.03,,,,23,2697,0.47,4,35,6378,1.1,35,8754,1.52,3,848,0.15,2,212,0.04,,,18,24,3308,0.57,126,31273,5.42,2,1,,,,22,3374,0.58,,,,21,1208,0.21,,,79,42614,7.38,9,62,10144,1.76,,,,,68,11027,1.91,5,128,0.02,50,8651,1.5,3,18,1185,0.21,1,5,685,0.12,,,,,,,,,,3,,,,21,28933,5.01,,1,439,0.08,1,0,,,,,19,17220,2.98,2,750,0.13,,1,14,0,,3,,207,70836,12.27,1,450,0.08,2,2,,1,0,,1,56,0.01,9,2378,0.41,1,96,0.02,207,79375,13.75,,,,1,2,3733,0.65,,,,,,,,16,2103,0.36,1,14,979,0.17,,,17,2900,0.5,3,243,0.04,,,,21,,10,1,60,0.01,14,,9,14150,2.45,,,,8,5795,1,18,470,0.08,4,484,0.08,7,7666,1.33,1,100,0.02,,,1,9,,,,3,907,0.16,5,,1,2,142,0.02,18,3569,0.62,1,72,2,12,5,68,21080,3.65,7,4810,0.83,,,,2,234,0.04,4,1030,0.18,,,,1,100,0.02,21,1933,0.33,6,377,0.07,,,,,,,2,80,0.01,,,,3,755,0.13,,,,54,36484,6.32,1,116,0.02,1,55,0.01,9,10509,1.82,49,29294,5.07,7,1709,0.3,,2,,725,298921,51.77,,,,4,,,,1,26,0,7,1206,0.21,53,32840,5.69,7,1305,0.23,1,225,0.04,7,762,0.13,4,,,,,1,140,33966,5.88,57,13852,2.4,,,,,,21,12043,2.09,,,,7,3675,0.64,20,17836,3.09,3,1,299,0.05,,,,,,,,2,,1,131,0.02,,,,2,110,0.02,12,5106,0.88,,,,1,2000,0.35,2,55,0.01,144,41105,7.12,,4,541,150345,26.04,1,,,,,,,,,,,,4,685,0.12,,,,2,4,24,6634,1.15,,,,69,13507,2.34,6,876,238774,41.36,48,,,,,,9,,,,,5,904,0.16,40,8675,1.5,4,617,0.11,0,407,0.07,24,MD,Maryland,5773552
4200,3748058,572.43,1395,224726,34.32,69,11200,1.71,1291,308286,47.08,649,2940199,449.05,104,61544,9.4,692,202103,30.87,,17,5405,0.83,10,1361,0.21,1,350,0.05,,,,5,,,,,,,,,,,277,49669,7.59,,,,,,,,24,11,6024,0.92,,,,,,,2,5,2300,0.35,8,4050,0.62,,146,33220,5.07,,,,,,,3,25,2757,0.42,,,,,,,,,,,,,,,,,,56,15340,2.34,17,11467,1.75,18,1697,0.26,2,236,0.04,9,,641,2940199,449.05,,,,28,4038,0.62,7,5,0,,8,181,0.03,2,279,0.04,5,1766,0.27,,,49,4,6890,1.05,64,5840,0.89,2,,,,,17,2040,0.31,,,,14,820,0.13,,,51,24965,3.81,7,,,,,,,,66,8908,1.36,1,43,0.01,28,2260,0.35,2,3,149,0.02,,6,612,0.09,7,1584,0.24,,,,,,,45,49,7828,1.2,34,26215,4,,,,,,,,,,,37,4890,0.75,1,4000,0.61,,1,35,0.01,,2,,238,81999,12.52,1,485,0.07,2,,,,,,21,4135,0.63,15,1879,0.29,,,,66,24228,3.7,2,230,0.04,,2,67,0.01,,,,,,,,31,2966,0.45,,14,1169,0.18,,,33,2111,0.32,,,,,,,,,6,,,,1,,39,33755,5.16,,,,12,8594,1.31,20,820,0.13,7,579,0.09,4,1648,0.25,7,1080,0.16,,,,,,,,3,2851,0.44,5,,14,,,,1,423,0.06,2,83,,7,3,20,5474,0.84,2,305,0.05,,,,1,72,0.01,1,220,0.03,,,,,,,1,59,0.01,1,23,0,,,,,,,8,564,0.09,,,,,,,,,,39,21768,3.32,36,5206,0.8,,,,,,,7,1585,0.24,3,530,0.08,4,4,,323,79443,12.13,,,,,,,,,,,13,3663,0.56,49,12660,1.93,7,790,0.12,,,,,,,2,,,,,8,34,4382,0.67,9,1142,0.17,,,,,7,,,,,,,8,2628,0.4,41,38999,5.96,9,1,106,0.02,,,,,,,,,,1,87,0.01,3,1070,0.16,5,2339,0.36,34,6880,1.05,,,,1,1000,0.15,,,,117,20930,3.2,,6,147,15326,2.34,,5,2,700,0.11,,,,2,,,,1,200,0.03,,,,,2,140,31143,4.76,,,,374,86639,13.23,6,208,52339,7.99,20,5,,,,,7,,,,,9,2720,0.42,3,186,0.03,2,232,0.04,1,211,0.03,25,MA,Massachusetts,6547629
9521,4165343,421.44,4999,1277144,129.22,545,214114,21.66,2244,653898,66.16,843,1717296,173.75,92,47533,4.81,798,255358,25.84,,67,21253,2.15,16,3402,0.34,,,,1,35,0,1,,,,,,,1,18,1513,0.15,146,53649,5.43,,,,,85,10218,1.03,13,12,5928,0.6,3,679,0.07,,,,16,1,3000,0.3,4,2625,0.27,,291,78068,7.9,1,,,,9,1,,22,2979,0.3,1,111,0.01,,,,,,,,1,97,0.01,6,,,,27,6849,0.69,11,4330,0.44,5,389,0.04,3,670,0.07,17,1,839,1717296,173.75,,,,34,5036,0.51,11,42,6016,0.61,110,20971,2.12,25,5391,0.55,230,97659,9.88,,4,41,107,11722,1.19,115,23514,2.38,8,1,5,280,0.03,145,33437,3.38,3,455,0.05,21,1350,0.14,,6,105,42319,4.28,16,23,1634,0.17,,,,8,185,40375,4.09,36,4684,0.47,193,28472,2.88,4,6,259,0.03,4,89,14863,1.5,3,944,0.1,,,,,,,16,16,1566,0.16,8,8297,0.84,,11,866,0.09,2,15,0,,,,66,9930,1,3,1840,0.19,,2,47,0,1,6,,216,40383,4.09,1,50,0.01,3,1,2,,,,52,11285,1.14,32,7588,0.77,7,497,0.05,320,120598,12.2,9,1551,0.16,,21,11053,1.12,,1,15,0,3,219,0.02,20,1224,0.12,1,128,16273,1.65,,1,,,,16,391,0.04,3,180,0.02,26,1,179,,,,1,20,21,13744,1.39,1,561,0.06,11,4894,0.5,18,606,0.06,3,36,0,10,8477,0.86,,,,1,,23,110,,,,3,377,0.04,13,,5,3,324,0.03,13,1028,0.1,2,216,1,4,1,413,219618,22.22,18,9075,0.92,2,3275,0.33,1,144,0.01,3,555,0.06,,,,,,,28,2278,0.23,6,333,0.03,,,,,,,72,8603,0.87,,,,3,423,0.04,,,,77,120351,12.18,57,11315,1.14,43,5299,0.54,14,12962,1.31,183,115165,11.65,33,17065,1.73,4,26,1,924,422916,42.79,19,4452,0.45,10,,,,4,508,0.05,18,4587,0.46,21,12410,1.26,19,2462,0.25,5,535,0.05,62,6741,0.68,2,,,,,4,258,76644,7.75,10,1615,0.16,,,,,,18,5439,0.55,14,4639,0.47,4,662,0.07,22,23013,2.33,6,154,75944,7.68,,,,1,30,0,,,,3,132,0.01,2,700,0.07,5,575,0.06,53,19503,1.97,,,,5,7765,0.79,3,203,0.02,225,40503,4.1,,10,300,54533,5.52,,2,1,1000,0.1,,,,,,,,2,540,0.05,,,,1,1,25,4705,0.48,,,,151,38557,3.9,1,852,228521,23.12,109,1,12,,,,36,,,,,18,4974,0.5,154,40144,4.06,136,37365,3.78,1,178,0.02,26,MI,Michigan,9883640
5953,2986450,563.06,2773,744910,140.45,38,16396,3.09,1992,974156,183.67,741,1150367,216.89,34,8057,1.52,375,92564,17.45,,7,2127,0.4,,,,,,,,,,2,,,,,,,8,2,128,0.02,38,10218,1.93,,,,,23,2765,0.52,4,1,333,0.06,4,1005,0.19,1,43,0.01,12,,,,1,75,0.01,,234,75302,14.2,,,,,85,,,16,1896,0.36,1,108,0.02,,,,,,,,,,,,,,,13,4617,0.87,14,2636,0.5,9,502,0.09,,,,9,,739,1150367,216.89,,,,99,28669,5.41,3,11,3752,0.71,54,6912,1.3,1,38,0.01,30,8221,1.55,,,12,5,497,0.09,17,2613,0.49,1,,7,253,0.05,18,2478,0.47,2,92,0.02,6,245,0.05,,,80,30603,5.77,1,5,342,0.06,26,9252,1.74,14,38,3973,0.75,,,,40,2513,0.47,,,,,1,7,966,0.18,,,,,,,,,,37,19,7304,1.38,6,10665,2.01,,1,44,0.01,,,,,,,186,62490,11.78,1,550,0.1,,,,,,,,107,23715,4.47,1,500,0.09,2,,7,,,,114,26739,5.04,147,36727,6.92,,,,1090,737537,139.05,30,6054,1.14,,3,311,0.06,,3,198,0.04,3,202,0.04,8,554,0.1,,11,772,0.15,,,,,,12,458,0.09,,,,,,25,,,,1,1,4,2370,0.45,,,,4,2252,0.42,7,188,0.04,2,24,0,5,1575,0.3,1,45,0.01,,10,,3,,,,1,249,0.05,3,,,,,,8,539,0.1,1,101,1,,,443,182439,34.4,97,58774,11.08,,,,,,,,,,,,,,,,11,938,0.18,2,434,0.08,,,,,,,,,,,,,7,1119,0.21,,,,45,16796,3.17,9,5706,1.08,,,,4,7113,1.34,5,4020,0.76,2,620,0.12,3,2,43,390,130263,24.56,10,1857,0.35,12,,,,3,128,0.02,12,1937,0.37,8,1820,0.34,2,83,0.02,,,,7,762,0.14,,,,,,2,177,46390,8.75,8,681,0.13,,,,,,,,,1,84,0.02,1,389,0.07,5,11066,2.09,2,20,6777,1.28,2,423,0.08,,,,,,,,,,1,200,0.04,2,160,0.03,21,7182,1.35,,,,6,1137,0.21,1,116,0.02,89,10460,1.97,,1,61,5412,1.02,,1,,,,,,,,3,1271,0.24,2,750,0.14,,,,2,,24,6553,1.24,,,,136,36194,6.82,,375,101856,19.2,41,,2,,,,7,,,,,15,7461,1.41,14,1494,0.28,146,49966,9.42,1,16,0,27,MN,Minnesota,5303925
6765,1742916,587.37,4194,1168450,393.78,863,182556,61.52,1360,244121,82.27,154,112488,37.91,6,975,0.33,188,34326,11.57,,130,23243,7.83,42,6351,2.14,,,,,,,3,,,,,,,,31,3900,1.31,1,187,0.06,,,,,1,175,0.06,5,2,320,0.11,,,,,,,,,,,,,,,174,21355,7.2,,11,776,0.26,,,1,3,816,0.27,,,,,,,,,,,,,,,,,,3,229,0.08,1,14,0,,,,,,,5,,154,112488,37.91,,,,2,,,,44,5616,1.89,28,2790,0.94,199,30425,10.25,,,,,51,4,54,3214,1.08,176,23720,7.99,,2,,,,121,19804,6.67,8,1230,0.41,60,2268,0.76,,,43,21217,7.15,7,,,,,,,,51,4937,1.66,,,,369,42166,14.21,,2,0,,1,6,1091,0.37,,,,,,,37,2616,0.88,,,,,1,124,0.04,,,,,,,,,,,,,,,,,,16,1695,0.57,,,,81,19239,6.48,,,,,,,,,,2,151,0.05,,,,,,,13,1660,0.56,,,,,10,3266,1.1,,,,,,,,3,135,0.05,,1,13,0,,,,,,1,12,0,,,,43,,,,,,,,2,455,0.15,,,,2,3304,1.11,2,35,0.01,,,,3,1050,0.35,,,,,,2,,,,,1,9,0,,,,,,,26,1918,0.65,,86,,,,28,3145,1.06,1,,,,,,,,,,,,,,,,,,7,552,0.19,,,,,,,,,,,,,,,,,,,,,,16,5012,1.69,,,,51,3639,1.23,25,5051,1.7,205,81318,27.4,84,15018,5.06,,1,,431,104761,35.31,,,,,,,,,,,2,200,0.07,,,,,,,,,,13,1414,0.48,,,,,,,108,12822,4.32,121,18439,6.21,,,,,,7,1346,0.45,,,,,,,9,1163,0.39,7,,,,,,,,,,,,,,,,,,,,,,12,2732,0.92,,,,,,,1,,,63,9797,3.3,,1,2149,907384,305.79,8,,,,,,,,,,,,,,,,,,,,6,269,0.09,,,,2,420,0.14,,1107,204165,68.81,168,,,,,,1,,,,,2,162,0.05,1,81,0.03,1,10,0,0,2,0,28,MS,Mississippi,2967297
9001,2950894,492.72,5711,1518847,253.61,337,93900,15.68,1806,462246,77.18,505,724315,120.94,25,6745,1.13,617,144841,24.18,,86,17203,2.87,9,1514,0.25,,,,,,,5,,,,1,136,0.02,1,23,2701,0.45,27,19991,3.34,,,,,78,9833,1.64,9,2,127,0.02,4,446,0.07,1,42,0.01,,,,,1,85,0.01,,469,117904,19.69,,3,32,0.01,3,,,17,1883,0.31,1,16,0,2,159,0.03,,,,,,,,,,,,17,5130,0.86,15,1853,0.31,2,87,0.01,,,,16,,504,724315,120.94,,,,5,452,0.08,7,324,81509,13.61,317,72756,12.15,18,5192,0.87,2,93,0.02,19,6,25,79,5132,0.86,71,13597,2.27,6,,9,244,0.04,65,13787,2.3,7,881,0.15,27,923,0.15,7,,145,66071,11.03,5,13,581,0.1,,,,2,177,26451,4.42,1,43,0.01,443,42805,7.15,,11,713,0.12,1,108,26177,4.37,,,,,,,6,339,0.06,,,,,3,3659,0.61,,,,,1,87,0.01,,,,8,1500,0.25,1,250,0.04,,24,1207,0.2,,,,95,23609,3.94,,,,1,3,2,,,,10,1815,0.3,41,9626,1.61,2,257,0.04,72,22260,3.72,4,304,0.05,1,12,7299,1.22,,,,,4,728,0.12,25,1902,0.32,1,16,575,0.1,1,,,,,4,182,0.03,,,,9,,12,,,,,3,4,4700,0.78,,,,7,6271,1.05,9,282,0.05,4,193,0.03,1,500,0.08,1,20,0,,,9,19,,,,3,521,0.09,3,,,,,,22,2178,0.36,1,152,,2,1,305,142685,23.82,6,1302,0.22,,,,,,,1,90,0.02,1,79,0.01,6,670,0.11,5,239,0.04,3,697,0.12,,,,,,,1,13,0,,,,,,,,,,39,11708,1.95,4,391,0.07,167,12932,2.16,13,7065,1.18,73,36435,6.08,38,6142,1.03,1,8,,721,236235,39.45,2,153,0.03,4,,,,4,309,0.05,7,292,0.05,10,2470,0.41,3,134,0.02,,,,64,8720,1.46,,,,,,1,264,46060,7.69,34,7815,1.3,,,,,,18,6562,1.1,,,,1,32,0.01,14,16016,2.67,4,1,336,0.06,1,80,0.01,,,,1,,,,,,,,,3,396,0.07,25,9282,1.55,,,,4,785,0.13,2,24,0,85,13841,2.31,,5,2006,749685,125.18,,1,,,,5,1701,0.28,,1,12,0,,,,2,195,0.03,,,9,2489,0.42,,,,151,40802,6.81,3,853,226409,37.8,169,,1,,,,22,,,,,7,6159,1.03,16,1043,0.17,10,1261,0.21,1,20,0,29,MO,Missouri,5988927
1778,376976,381.01,930,121064,122.36,4,331,0.33,407,76869,77.69,204,127612,128.98,6,565,0.57,227,50535,51.08,,3,316,0.32,,,,,,,2,88,0.09,,,,,,,,3,9,644,0.65,26,2562,2.59,,,,,4,363,0.37,1,,,,,,,,,,,,,,,,,,86,16577,16.75,,,,,5,,,6,663,0.67,,,,,,,,,,1,,,,,,,,8,341,0.34,1,267,0.27,2,250,0.25,,,,10,,204,127612,128.98,,,,37,6398,6.47,1,14,1924,1.94,22,3468,3.51,,,,7,1737,1.76,,,9,10,442,0.45,7,774,0.78,,,,,,,,,2,175,0.18,3,71,0.07,,,120,46484,46.98,,1,20,0.02,4,724,0.73,,21,2300,2.32,,,,40,2730,2.76,,,,,3,7,896,0.91,,,,,,,,,,5,3,482,0.49,,,,,,,,,,,,,,3,270,0.27,,,,,,,,,,,41,5297,5.35,,,,,,21,,,,2,544,0.55,13,1778,1.8,,,,126,38665,39.08,,,,,1,264,0.27,,2,115,0.12,,,,32,6979,7.05,,1,29,0.03,,,,,,,,,,,,,,12,,,,,,2,200,0.2,,,,,,,2,41,0.04,,,,,,,,,,,52,,,9,78,0.08,3,106,0.11,,,,,,,4,163,0.16,,47,1,1,,64,14087,14.24,32,7629,7.71,,,,,,,,,,,,,1,81,0.08,8,450,0.45,1,70,0.07,,,,,,,,,,,,,,,,,,,2,333,0.34,,,,,,,,,,,,,1,15,0.02,,5,6,131,27370,27.66,3,254,0.26,,,,,3,215,0.22,3,165,0.17,1,60,0.06,,,,,,,10,1088,1.1,,,,,,,51,6609,6.68,5,631,0.64,,,,,,,,,,,,,,,6,786,0.79,1,1,52,0.05,,,,,,,,,,,,,,,,,,,6,1119,1.13,,,,1,200,0.2,,,,44,4563,4.61,,1,131,13537,13.68,,,,,,,,,,2,159,0.16,,,,,,,,1,5,414,0.42,,,,31,5368,5.43,,107,16244,16.42,17,,1,,,,4,,,,,8,1013,1.02,11,702,0.71,11,925,0.93,,,,30,MT,Montana,989415
2860,1016529,556.59,1243,288965,158.22,43,13106,7.18,1032,297522,162.91,350,372838,204.14,11,1493,0.82,181,42605,23.33,,5,816,0.45,2,252,0.14,,,,,,,,,,,,,,1,2,288,0.16,54,10679,5.85,,,,,3,275,0.15,1,3,475,0.26,,,,,,,,,,,,,,,98,20118,11.02,,,,,6,,1,5,684,0.37,,,,,,,,,,,1,95,0.05,,,,,11,4101,2.25,1,15,0.01,1,107,0.06,,,,4,,350,372838,204.14,,,,21,13500,7.39,1,51,8804,4.82,75,16427,8.99,1,126,0.07,3,302,0.17,,1,8,15,559,0.31,14,1311,0.72,2,,1,113,0.06,17,2372,1.3,3,356,0.19,4,195,0.11,,,62,23398,12.81,,4,295,0.16,,,,1,31,4281,2.34,,,,49,4308,2.36,,,,,,13,2213,1.21,,,,,,,,,,2,8,1952,1.07,2,1658,0.91,,,,,2,44,0.02,,,,31,3570,1.95,,,,,,,,,,,56,7981,4.37,,,,,,1,,,,19,2238,1.23,73,14234,7.79,1,45,0.02,250,110110,60.29,,,,,1,1071,0.59,,6,887,0.49,,,,11,954,0.52,,6,259,0.14,,,1,66,0.04,,,,1,0,,2,,17,,,,,,5,725,0.4,,,,,,,5,228,0.12,,,,1,500,0.27,,,,,,7,1,,,,1,111,0.06,,,,,,,4,217,0.12,,46,,,,269,112585,61.65,30,15692,8.59,,,,,,,,,,,,,,,,11,3040,1.66,1,158,0.09,,,,,,,5,346,0.19,,,,,,,,,,8,6156,3.37,6,498,0.27,,,,2,315,0.17,13,9036,4.95,1,189,0.1,1,3,,146,29325,16.06,3,161,0.09,3,,,,5,256,0.14,2,70,0.04,2,430,0.24,1,82,0.04,,,,,,,,,,,,,132,28329,15.51,9,1128,0.62,,,,,,,,,,,,,,,2,2236,1.22,1,6,2127,1.16,3,509,0.28,,,,,,,,,,,,,,,,11,4192,2.3,,,,1,223,0.12,2,185,0.1,55,8436,4.62,,1,80,16418,8.99,,,,,,,,,1,8,776,0.42,,,,,,,,,4,868,0.48,,,,91,19487,10.67,,383,109283,59.84,17,,,,,,4,,,,,2,359,0.2,15,1726,0.95,34,5744,3.15,0,11,0.01,31,NE,Nebraska,1826341
1392,927955,343.62,665,213188,78.94,47,9751,3.61,145,41558,15.39,74,451070,167.03,15,9281,3.44,446,203107,75.21,,4,1301,0.48,,,,,,,,,,,,,,,,,1,3,379,0.14,17,5564,2.06,,,,,,,,4,1,217,0.08,,,,,,,,1,260,0.1,1,600,0.22,,61,30545,11.31,,,,,,1,,14,1723,0.64,,,,,,,,,,,,,,,,,,18,10504,3.89,6,4016,1.49,5,207,0.08,,,,22,,74,451070,167.03,,,,5,2424,0.9,,7,841,0.31,7,17727,6.56,1,43,0.02,5,436,0.16,,2,4,4,225,0.08,10,1017,0.38,2,,,,,24,6196,2.29,,,,5,136,0.05,,,323,175149,64.86,,,,,,,,,17,2991,1.11,,,,30,2829,1.05,,,,,1,2,317,0.12,,,,,,,,,,6,,,,3,1861,0.69,,,,,,,,,,,,,,,,,,,,,,,,30,5235,1.94,1,150,0.06,1,,,,,,1,72,0.03,4,828,0.31,1,112,0.04,21,10576,3.92,,,,,,,,,,,,,,,36,5003,1.85,,1,23,0.01,,,,,,,,,,,,7,,3,,,,,,2,5375,1.99,,,,,,,6,136,0.05,1,12,0,1,2000,0.74,,,,1,,3,5,2,24,0.01,2,314,0.12,,,,,,,2,186,0.07,1,27,4,3,,23,7739,2.87,1,61,0.02,,,,,,,1,24,0.01,,,,,,,,,,1,112,0.04,,,,,,,,,,,,,,,,,,,7,1700,0.63,,,,,,,1,186,0.07,4,1416,0.52,4,609,0.23,2,1,,140,82611,30.59,,,,,,,,1,56,0.02,2,800,0.3,8,1760,0.65,2,125,0.05,,,,3,327,0.12,,,,,,,21,5121,1.9,3,267,0.1,,,,,,1,0,,,,,1,184,0.07,4,3085,1.14,2,,,,,,,,,,,,,,,,1,200,0.07,1,60,0.02,7,1586,0.59,,,,2,1355,0.5,,,,26,6615,2.45,,3,186,45535,16.86,,,1,240,0.09,,,,,,,,,,,,,,,2,2,445,0.16,,,,8,937,0.35,1,37,13148,4.87,8,,,,,,4,,,,,3,769,0.28,1,259,0.1,9,1991,0.74,0,8,0,32,NV,Nevada,2700551
1025,462772,351.52,352,47128,35.8,1,,,411,81111,61.61,119,311028,236.26,17,4926,3.74,125,18579,14.11,,,,,,,,,,,,,,,,,,,,,,1,174,0.13,88,14396,10.94,,,,,,,,5,,,,,,,,,,1,,,,,,,,39,4740,3.6,,,,,,,,7,701,0.53,,,,,,,,,,,,,,,,,,9,229,0.17,,,,3,88,0.07,,,,4,,118,311028,236.26,,,,6,642,0.49,2,,,,10,3096,2.35,,,,2,108,0.08,,,15,1,0,,7,388,0.29,,,,,,,,,,,,1,23,0.02,,,21,8231,6.25,,,,,,,,,12,1444,1.1,,,,13,1075,0.82,,,,,1,,,,3,170,0.13,,,,,,,27,12,1095,0.83,3,1706,1.3,,,,,,,,,,,1,90,0.07,1,610,0.46,,,,,,,,47,14563,11.06,,,,,,,,,,6,1191,0.9,7,1393,1.06,,,,14,3765,2.86,,,,,1,343,0.26,,,,,,,,16,2067,1.57,,,,,1,,13,561,0.43,,,,,,,,,1,,,,,,11,3985,3.03,,,,1,25,0.02,3,118,0.09,,,,1,40,0.03,1,50,0.04,,,,,,,,1,231,0.18,,,,,,,1,21,0.02,,25,,2,,7,1912,1.45,,,,,,,,,,,,,,,,,,,,,,,,,,,,,,,,,,,,,,,,,,,3,1616,1.23,12,1153,0.88,1,120,0.09,,,,,,,,,,,2,,83,18741,14.24,,,,,,,,,,,3,161,0.12,1,60,0.05,3,228,0.17,1,120,0.09,,,,,,,,,1,10,2153,1.64,7,436,0.33,,,,,,,,,,,,1,275,0.21,6,2181,1.66,5,,,,,,,,,,,,,,,,,,,,,,10,2998,2.28,,,,,,,,,,18,1567,1.19,,,29,2288,1.74,,,,,,,,,,,,,,,,,,,,,23,3301,2.51,,,,136,26321,19.99,1,88,18029,13.69,4,,,,,,1,,,,,3,575,0.44,,,,1,142,0.11,0,8,0.01,33,NH,New Hampshire,1316470
6114,4809520,547.04,2010,380347,43.26,422,129935,14.78,1917,502797,57.19,740,3235290,367.99,130,72431,8.24,895,488720,55.59,,117,33050,3.76,46,7630,0.87,,,,,,,1,,,,,,,,2,55,0.01,282,86120,9.8,7,974,0.11,1,,,,9,3,2150,0.24,,,,1,43,0,,1,3000,0.34,5,2490,0.28,,307,60430,6.87,,1,63,0.01,,1,1,12,1698,0.19,,,,,,,9,734,0.08,,,,,2,,,,49,20957,2.38,3,855,0.1,9,1248,0.14,,,,24,,729,3235290,367.99,,,,85,22879,2.6,16,23,2633,0.3,12,1289,0.15,3,941,0.11,24,4566,0.52,,,21,14,643,0.07,80,8223,0.94,2,1,,,,46,7895,0.9,,,,24,1869,0.21,,,59,31673,3.6,25,1,150,0.02,5,1437,0.16,,45,6732,0.77,1,15,0,39,4389,0.5,,1,0,,,3,483,0.05,,,,,,,,,,50,,,,65,56868,6.47,,,,,,,,,,,2,180,0.02,16,14025,1.6,,1,40,0,,6,,262,75390,8.57,,,,2,,,1,180,0.02,6,770,0.09,28,5023,0.57,,,,189,62644,7.13,,,,,3,322,0.04,,,,,,,,11,1533,0.17,,10,1700,0.19,,1,8,725,0.08,28,2476,0.28,,,,12,,26,1,150,0.02,1,3,24,32370,3.68,1,115,0.01,36,31447,3.58,34,918,0.1,3,36,0,21,15916,1.81,,,,5,,,23,,,,1,572,0.07,7,,3,1,69,0.01,5,742,0.08,4,121,24,26,12,65,16422,1.87,1,69,0.01,2,2300,0.26,3,468,0.05,6,1060,0.12,1,55,0.01,,,,9,368,0.04,1,38,0,,,,,,,4,295,0.03,,,,4,814,0.09,,,,109,160666,18.27,5,670,0.08,3,140,0.02,6,1330,0.15,115,74106,8.43,7,1970,0.22,1,16,1,554,167015,19,2,141,0.02,1,,,,,,,23,3854,0.44,238,106920,12.16,23,2009,0.23,6,2150,0.24,2,218,0.02,13,,1,1500,0.17,11,364,97885,11.13,33,2970,0.34,,,,,1,8,3013,0.34,,,,7,2186,0.25,46,50732,5.77,10,129,24366,2.77,,,,,,,,1,,1,34,0,,,,12,1145,0.13,28,6244,0.71,,,,3,1100,0.13,4,565,0.06,129,25323,2.88,,8,114,28546,3.25,,,5,2710,0.31,,,,,,,,11,2485,0.28,,,,,,21,5595,0.64,,,,51,10984,1.25,37,557,138052,15.7,24,,3,,,,7,,,,,5,1386,0.16,24,2047,0.23,2,237,0.03,1,522,0.06,34,NJ,New Jersey,8791894
2447,1031198,500.78,1330,277326,134.68,40,4321,2.1,291,71118,34.54,443,584941,284.07,9,1995,0.97,334,91497,44.43,,4,724,0.35,,,,,,,2,7,0,,,,,,,,2,9,808,0.39,4,754,0.37,,,,,,,,15,1,112,0.05,,,,,,,,,,,,,,,149,30432,14.78,,,,,,,,18,2884,1.4,,,,,,,1,32,0.02,,,,,3,,,,24,3880,1.88,3,3029,1.47,18,1271,0.62,,,,23,,443,584941,284.07,,,,2,599,0.29,2,16,3129,1.52,33,4696,2.28,6,756,0.37,16,2237,1.09,,,9,4,790,0.38,56,3523,1.71,3,,,,,11,1262,0.61,3,104,0.05,12,463,0.22,1,,135,67637,32.85,,2,124,0.06,,,,1,45,8245,4,,,,148,15928,7.74,,2,0,,1,8,555,0.27,,,,,,,1,21,0.01,4,,,,1,675,0.33,,2,102,0.05,,,,,,,,,,1,24,0.01,,2,2573,1.25,,,,47,10646,5.17,,,,,,,,,,,,,4,980,0.48,,,,22,5991,2.91,,,,,,,,,,,,,,,22,1513,0.73,,,,,,,,,,12,346,0.17,,,,8,,4,,,,2,,2,1595,0.77,,,,1,250,0.12,14,750,0.36,4,77,0.04,2,800,0.39,,,,,,9,2,,,,1,135,0.07,,,,,,,10,770,0.37,,56,,,,36,4762,2.31,2,2700,1.31,,,,,,,,,,,,,,,,3,169,0.08,2,218,0.11,,,,,,,,,,,,,,,,,,,10,4116,2,,,,3,23,0.01,2,492,0.24,7,793,0.39,2,294,0.14,,3,2,197,67353,32.71,,,,,,,,,,,3,159,0.08,5,300,0.15,2,84,0.04,,,,22,2393,1.16,,,,,,,65,10663,5.18,8,802,0.39,,,,,,,,,,,,,,,3,3257,1.58,4,3,448,0.22,,,,,,,,,,,,,,,,1,75,0.04,9,1264,0.61,,,,,,,1,10,0,59,8696,4.22,,3,337,113452,55.1,,1,,,,,,,,,,,1,30,0.01,,,,,1,9,2007,0.97,,,,9,2499,1.21,,109,36424,17.69,35,,,,,,6,,,,,6,661,0.32,3,128,0.06,5,747,0.36,0,9,0,35,NM,New Mexico,2059179
14110,9923512,512.1,4903,871326,44.96,644,202217,10.44,4276,1027403,53.02,1647,6287618,324.47,259,140297,7.24,2381,1394651,71.97,,87,49598,2.56,89,23650,1.22,,,,2,68,0,4,,,,,,,1,3,203,0.01,536,173405,8.95,8,1524,0.08,,86,10787,0.56,19,13,3721,0.19,1,120,0.01,6,259,0.01,,5,5450,0.28,10,2875,0.15,,522,92987,4.8,,16,1631,0.08,,,3,30,5118,0.26,3,244,0.01,,,,4,197,0.01,2,,,,1,9,1340,0.07,142,53368,2.75,13,8020,0.41,64,6877,0.35,2,170,0.01,28,,1630,6286916,324.43,,,,171,25786,1.33,10,77,6213,0.32,63,6767,0.35,13,4809,0.25,14,1904,0.1,,1,53,33,2379,0.12,216,30989,1.6,6,9,,,,128,22406,1.16,2,54,0,51,5635,0.29,,,151,78031,4.03,50,3,292,0.02,6,1394,0.07,,142,18302,0.94,3,109,0.01,107,10697,0.55,10,2,131,0.01,2,5,793,0.04,4,683,0.04,,,,,,,111,26,2402,0.12,126,82809,4.27,,6,1005,0.05,,,,,,,23,4590,0.24,14,11397,0.59,,2,167,0.01,,52,,653,163730,8.45,4,455,0.02,3,,,,,,19,2663,0.14,34,3710,0.19,3,192,0.01,386,134407,6.94,,,,1,8,2421,0.12,2,,,,,,,13,778,0.04,,78,12662,0.65,1,,68,3256,0.17,,,,,,,32,1,136,,,,1,1,61,76985,3.97,,,,31,16160,0.83,80,5914,0.31,15,747,0.04,39,28819,1.49,4,90,0,4,,4,9,,,,3,3184,0.16,17,6,24,,,,13,3776,0.19,8,287,35,58,32,189,67408,3.48,18,3209,0.17,4,1838,0.09,9,1494,0.08,29,6595,0.34,,,,1,125,0.01,31,2505,0.13,2,689,0.04,,,,,,,13,971,0.05,,,,10,2506,0.13,,,,257,392953,20.28,14,1714,0.09,,,,11,3350,0.17,176,71688,3.7,19,2962,0.15,8,40,1,1276,374521,19.33,9,1504,0.08,4,,,,3,250,0.01,41,4843,0.25,788,588500,30.37,12,963,0.05,5,6277,0.32,8,871,0.04,16,,,,,16,679,116960,6.04,39,5905,0.3,,,,,1,25,23754,1.23,,,,11,5991,0.31,104,106806,5.51,20,234,51379,2.65,,,,,,,,,,12,799,0.04,6,3473,0.18,19,3470,0.18,85,21374,1.1,,,,2,3530,0.18,11,798,0.04,364,79268,4.09,1,22,327,32271,1.67,,3,2,340,0.02,,,,5,1,0,,18,5770,0.3,,,,1,7,63,13258,0.68,1,702,0.04,263,44146,2.28,14,1323,328315,16.94,52,2,3,,,,26,,,,,19,4840,0.25,121,23212,1.2,7,707,0.04,2,487,0.03,36,NY,New York,19378102
15737,4530365,475.11,9763,2585530,271.15,1358,248257,26.04,3790,1130241,118.53,189,428860,44.98,43,15489,1.62,594,157936,16.56,,189,36281,3.8,613,109087,11.44,,,,,,,21,,,,,,,2,1,71,0.01,44,48513,5.09,3,124,0.01,,1,127,0.01,45,2,524,0.05,,,,1,43,0,1,,,,1,300,0.03,,277,56086,5.88,1,79,8460,0.89,,1,,25,5843,0.61,1,45,0,,,,,,,2,,,,2,,,,29,9883,1.04,7,2442,0.26,11,1111,0.12,,,,20,,189,392912,41.21,,,,52,9337,0.98,10,305,26932,2.82,155,31344,3.29,33,8324,0.87,1,145,0.02,,,21,49,3285,0.34,517,89359,9.37,4,,2,110,0.01,75,22849,2.4,2,183,0.02,146,8701,0.91,,1,153,76782,8.05,37,19,2154,0.23,,,,,69,8816,0.92,,,,197,24248,2.54,4,,,,2,7,845,0.09,2,669,0.07,18,688,0.07,,,,,3,833,0.09,6,5317,0.56,,,,,8,505,0.05,238,35921,3.77,5,2760,0.29,2,775,0.08,,,,,,1,,257,83234,8.73,2,200,0.02,3,11,,,,,6,1682,0.18,7,3360,0.35,9,396,0.04,215,69163,7.25,,,,20,28,7114,0.75,,,,,,,,47,9536,1,,3,79,0.01,1,,4,219,0.02,18,626,0.07,68,8471,0.89,42,,,,,,1,,15,11996,1.26,,,,6,4271,0.45,18,1616,0.17,,,,4,4383,0.46,,,,,,1,,,,,4,618,0.06,1,,,5,265,0.03,380,57414,6.02,3,174,,3,1,62,22160,2.32,15,6830,0.72,,,,1,54,0.01,1,75,0.01,,,,,,,9,700,0.07,7,694,0.07,,,,,,,5,2452,0.26,,,,,,,47,14422,1.51,50,26045,2.73,3,573,0.06,195,26165,2.74,5,3085,0.32,105,48281,5.06,85,15549,1.63,,6,,1948,565051,59.26,1,88,0.01,32,,,,,,,8,662,0.07,9,725,0.08,12,981,0.1,,,,5,544,0.06,42,131,,,,,710,185669,19.47,109,20084,2.11,1,,,,,16,4801,0.5,,,,2,589,0.06,18,11530,1.21,15,1,197,0.02,,,,,,,,1,1,1,85,0.01,,,,3,179,0.02,42,7560,0.79,,,,2,600,0.06,1,15,0,166,29414,3.08,,4,4241,1513059,158.68,,,,,,,,,,6,285,0.03,,,,,,,2,1,27,6514,0.68,,,,161,31795,3.33,158,1923,659064,69.12,68,,1,,,,12,,,,,13,1594,0.17,170,23708,2.49,8,1070,0.11,0,40,0,37,NC,North Carolina,9535483
1498,451456,671.22,542,78607,116.87,,,,672,196839,292.66,235,167349,248.81,3,120,0.18,46,8541,12.7,,,,,,,,,,,,,,,,,,,,,7,,,,14,1462,2.17,,,,,,,,1,,,,,,,,,,1,,,,,,,,65,10838,16.11,1,,,,43,,1,1,330,0.49,,,,,,,,,,,,,,,,,,,,,1,15,0.02,,,,,,,4,,235,167349,248.81,,,,3,171,0.25,1,,,,,,,,,,1,88,0.13,,,1,2,105,0.16,16,953,1.42,3,,,,,,,,1,125,0.19,2,66,0.1,,,16,6930,10.3,,,,,14,4138,6.15,3,23,3896,5.79,,,,7,538,0.8,,,,,,2,276,0.41,1,27,0.04,,,,,,,1,8,814,1.21,,,,,,,,,,,,,,3,270,0.4,,,,,,,,,,,19,2279,3.39,,,,,,4,,,,3,1249,1.86,28,5336,7.93,,,,412,163209,242.66,,,,,,,,,,,,,,,2,529,0.79,,2,33,0.05,,,,,,1,7,0.01,,,,,,,,,,,,,,,,,,,,,,,,,,,,,,,,,,7,,,,,,,,,,,,,,,,,,,18,,,,85,22003,32.71,19,9258,13.76,,,,,,,,,,,,,,,,2,93,0.14,,,,,,,,,,,,,,,,4,502,0.75,,,,3,636,0.95,,,,,,,,,,,,,,,,,,,33,4091,6.08,30,5220,7.76,2,,,,1,81,0.12,2,110,0.16,,,,2,49,0.07,,,,2,217,0.32,,,,,,,54,5529,8.22,,,,,,,,,,,,,,,,,,2,176,0.26,1,6,953,1.42,3,93,0.14,,,,,,,,,,,,,,,,6,1331,1.98,,,,,,,,,,29,2422,3.6,,,37,2151,3.2,,,,,,,,,,2,218,0.32,1,10,0.01,,,,,,2,177,0.26,,,,50,5535,8.23,,111,17336,25.77,15,,,,,,,,,,,,,,4,948,1.41,12,1283,1.91,0,1,0,38,ND,North Dakota,672591
13606,5071684,439.62,6996,1491845,129.32,601,170388,14.77,4203,1154461,100.07,885,1992567,172.72,125,52216,4.53,796,210207,18.22,,113,25097,2.18,23,4478,0.39,,,,18,866,0.08,4,,,,,,,3,10,1119,0.1,286,98102,8.5,6,602,0.05,,432,59103,5.12,25,10,3661,0.32,9,3028,0.26,,,,,1,100,0.01,2,140,0.01,,285,62230,5.39,1,,,,4,,2,18,2159,0.19,22,2731,0.24,2,160,0.01,,,,1,24,2807,0.24,13,,,,25,9329,0.81,8,1831,0.16,9,509,0.04,2,205,0.02,12,,881,1992567,172.72,1,0,,120,41258,3.58,3,182,51486,4.46,466,141311,12.25,25,7388,0.64,6,848,0.07,57,3,42,223,28224,2.45,224,53489,4.64,2,,8,467,0.04,117,20900,1.81,4,504,0.04,42,2234,0.19,,26,129,58605,5.08,17,99,15723,1.36,1,602,0.05,,366,85226,7.39,44,3256,0.28,402,44859,3.89,139,32,4510,0.39,,34,4452,0.39,,,,,,,,,,7,23,4088,0.35,14,16767,1.45,,24,4116,0.36,8,540,0.05,,,,24,12660,1.1,4,2715,0.24,,,,,2,1,24,171,45904,3.98,3,820,0.07,1,8,3,5,546,0.05,16,2431,0.21,24,6687,0.58,49,7188,0.62,566,223253,19.35,3,748,0.06,1,12,4727,0.41,1,,,,9,1721,0.15,42,4837,0.42,,39,7876,0.68,,,2,89,0.01,22,768,0.07,29,1663,0.14,32,1,152,,,,65,9,26,27806,2.41,,,,14,13173,1.14,21,597,0.05,,,,10,14982,1.3,,,,1,,73,5,,,,5,921,0.08,12,,5,24,1298,0.11,24,1913,0.17,4,230,2,,2,184,68642,5.95,29,16116,1.4,4,1540,0.13,1,54,0,1,45,0,,,,2,141,0.01,80,14978,1.3,3,149,0.01,,,,11,505,0.04,37,3573,0.31,,,,8,1672,0.14,,,,60,33408,2.9,25,5310,0.46,149,12272,1.06,12,7102,0.62,176,91223,7.91,54,9574,0.83,4,16,,1420,468412,40.6,6,2645,0.23,47,,,,23,1525,0.13,35,6297,0.55,40,18065,1.57,7,934,0.08,1,80,0.01,34,3700,0.32,8,,1,125,0.01,4,560,109232,9.47,20,3105,0.27,,4,431,0.04,2,11,4626,0.4,,,,4,605,0.05,35,29042,2.52,7,8,2818,0.24,1,92,0.01,3,70,0.01,,,,2,68,0.01,1,650,0.06,5,645,0.06,67,21376,1.85,,,,15,4749,0.41,1,65,0.01,139,24655,2.14,,13,668,171951,14.9,,3,,,,,,,,,,,7,2107,0.18,2,162,0.01,,2,38,6588,0.57,,,,366,117783,10.21,19,1893,496232,43.01,124,,,,,,21,,,,,57,44027,3.82,85,11280,0.98,20,4143,0.36,2,95,0.01,39,OH,Ohio,11536504
7057,2226379,593.49,5289,1531381,408.22,200,51621,13.76,1054,383786,102.31,190,178430,47.56,18,2699,0.72,306,78462,20.92,,42,8633,2.3,5,748,0.2,,,,,,,,,,,,,,,84,11345,3.02,15,5640,1.5,,,,,6,523,0.14,6,5,1364,0.36,,,,,,,,,,,2,160,0.04,,497,85926,22.91,,,,,2,,1,9,1840,0.49,1,58,0.02,,,,,,,,,,,2,,,,16,7490,2,6,2083,0.56,2,46,0.01,,,,5,,190,178430,47.56,,,,9,1133,0.3,2,175,43928,11.71,197,35809,9.55,29,4445,1.18,,,,8,,12,32,7079,1.89,76,7309,1.95,9,,,,,40,6106,1.63,6,643,0.17,29,1891,0.5,10,,83,43033,11.47,,4,427,0.11,,,,,187,37278,9.94,,,,583,77495,20.66,,9,783,0.21,,24,3660,0.98,,,,,,,1,21,0.01,,,,,2,1757,0.47,,2,201,0.05,,,,,,,,,,2,115,0.03,,16,856,0.23,1,,,69,15955,4.25,,,,1,1,,,,,6,43907,11.7,9,502,0.13,11,620,0.17,34,6426,1.71,,,,2,1,2660,0.71,,3,159,0.04,,,,20,1828,0.49,,51,3467,0.92,,,,,,5,107,0.03,2,104,0.03,7,,1,,,,,2,2,515,0.14,,,,3,916,0.24,7,250,0.07,,,,2,4360,1.16,,,,,,23,6,,,,2,132,0.04,1,2,,,,,142,20163,5.37,1,97,,1,2,82,21622,5.76,2,,,,,,1,144,0.04,1,120,0.03,,,,,,,13,1188,0.32,1,44,0.01,,,,,,,,,,,,,,,,,,,18,7392,1.97,1,38,0.01,218,25619,6.83,9,2917,0.78,42,19748,5.26,15,2485,0.66,1,2,,704,220387,58.75,5,394,0.11,1,,,,,,,2,112,0.03,,,,3,108,0.03,,,,84,9134,2.43,,,,,,,134,25267,6.74,10,1361,0.36,,,,,,10,6539,1.74,,,,,,,5,2016,0.54,10,3,814,0.22,,,,,,,,,,2,98,0.03,,,,1,94,0.03,19,5350,1.43,,,,,,,2,,,83,10902,2.91,,1,1829,886394,236.29,,,,,,,,,,14,3482,0.93,1,75,0.02,,,,,,10,3603,0.96,,,,16,3116,0.83,,598,282347,75.27,116,,,,,,5,,,,,3,278,0.07,16,2295,0.61,4,554,0.15,0,16,0,40,OK,Oklahoma,3751351
4026,1194793,311.87,2428,447009,116.68,28,4471,1.17,639,140248,36.61,209,399440,104.26,25,7316,1.91,697,196309,51.24,,2,478,0.12,2,308,0.08,,,,,,,,,,,,,,,20,1899,0.5,42,11329,2.96,,,,,,,,4,1,500,0.13,2,441,0.12,5,1141,0.3,3,,,,1,800,0.21,,223,45492,11.87,,,,,3,,2,45,5281,1.38,,,,,,,,,,1,,,,2,,,,41,11992,3.13,4,1255,0.33,26,1538,0.4,,,,57,,208,398738,104.08,,,,23,12254,3.2,,38,10866,2.84,151,35623,9.3,3,417,0.11,8,1016,0.27,,,31,46,4517,1.18,37,4195,1.09,5,,,,,12,2247,0.59,2,174,0.05,21,731,0.19,1,,304,147965,38.62,,4,261,0.07,3,303,0.08,,99,21444,5.6,1,39,0.01,116,10955,2.86,,,,,3,13,2132,0.56,,,,1,44,0.01,,,,166,,,,1,2619,0.68,,1,241,0.06,,,,,,,16,1440,0.38,1,100,0.03,,,,,,,,96,20348,5.31,2,205,0.05,1,,41,,,,19,4313,1.13,14,1898,0.5,37,4547,1.19,117,35764,9.34,10,657,0.17,3,4,2358,0.62,,1,504,0.13,,,,115,37670,9.83,,29,3560,0.93,,,,,,,,,,,,4,,12,,,,1,2,3,2750,0.72,,,,6,5604,1.46,21,859,0.22,7,186,0.05,1,2000,0.52,1,100,0.03,,1,3,16,11,429,0.11,,,,1,1,,,,,10,454,0.12,2,121,1,3,2,87,18092,4.72,7,899,0.23,,,,,,,,,,,,,,,,24,2472,0.65,1,300,0.08,,,,,,,5,337,0.09,,,,,,,,,,12,3988,1.04,2,252,0.07,3,150,0.04,2,478,0.12,,,,3,543,0.14,,3,,443,137748,35.96,11,1911,0.5,2,,,,24,2452,0.64,7,1211,0.32,8,985,0.26,7,718,0.19,,,,32,3482,0.91,,,,,,,127,24307,6.34,7,672,0.18,,,,,,,,,,,,3,2217,0.58,4,3070,0.8,8,,,,,,,,,,,,,,,,,,,3,560,0.15,17,3475,0.91,,,,3,690,0.18,1,33,0.01,159,40162,10.48,,5,147,26925,7.03,,,1,280,0.07,,,,1,10,4222,1.1,1,120,0.03,,,,1,1,21,4596,1.2,1,702,0.18,36,7247,1.89,,166,29406,7.68,47,,2,,,,16,,,,,12,2821,0.74,12,1077,0.28,11,1190,0.31,0,22,0.01,41,OR,Oregon,3831074
15359,6838440,538.36,6197,1078477,84.9,498,114337,9,6146,1773491,139.62,1396,3503028,275.78,258,61042,4.81,864,308065,24.25,,150,31195,2.46,51,6846,0.54,,,,49,2126,0.17,1,,,,,,,2,5,362,0.03,416,138255,10.88,34,4513,0.36,1,397,58009,4.57,72,20,6688,0.53,1,76,0.01,1,42,0,,1,3000,0.24,3,1050,0.08,,381,106689,8.4,1,4,223,0.02,10,1,6,12,1884,0.15,14,2523,0.2,,,,44,11892,0.94,1,17,1605,0.13,112,2,434,0.03,41,14285,1.12,7,3547,0.28,15,1530,0.12,1,80,0.01,22,1,1365,3503028,275.78,,,,245,50899,4.01,19,63,12968,1.02,121,22658,1.78,13,2603,0.2,11,490,0.04,,,31,89,12392,0.98,120,18752,1.48,2,3,,,,86,18607,1.46,5,615,0.05,30,1766,0.14,,,108,49794,3.92,14,241,45418,3.58,3,965,0.08,,159,25986,2.05,31,4821,0.38,138,10595,0.83,5,158,21059,1.66,1,14,2227,0.18,4,374,0.03,2,84,0.01,,,,54,21,3063,0.24,41,35412,2.79,,12,1922,0.15,1,12,0,,,,18,3750,0.3,8,1540,0.12,,1,96,0.01,,16,,331,84482,6.65,1,260,0.02,1,22,9,114,19146,1.51,18,1834,0.14,63,19091,1.5,3,290,0.02,1242,501974,39.52,1,22,0,3,18,6817,0.54,,,,,,,,22,1448,0.11,,96,6288,0.5,2,,11,835,0.07,88,10354,0.82,,,,28,2,59,2,310,0.02,57,4,37,18685,1.47,,,,16,25212,1.98,22,4556,0.36,3,36,0,10,13948,1.1,2,127,0.01,4,,7,37,,,,6,1155,0.09,4,3,16,,,,22,2271,0.18,6,245,4,26,8,84,17861,1.41,12,7162,0.56,1,50,0,2,558,0.04,6,2100,0.17,2,409,0.03,5,676,0.05,248,34344,2.7,6,558,0.04,,,,,,,14,1234,0.1,,,,23,7610,0.6,,,,99,80487,6.34,6,364,0.03,3,214,0.02,8,1964,0.15,100,46489,3.66,5,605,0.05,3,14,,1532,384912,30.3,11,2752,0.22,32,4,537,0.04,6,301,0.02,83,9430,0.74,59,22275,1.75,34,3056,0.24,8,1910,0.15,3,327,0.03,11,1,,,,31,1011,241659,19.02,112,23331,1.84,,,,,36,21,6028,0.47,,,,13,5726,0.45,46,38899,3.06,24,11,2076,0.16,1,27,0,3,125,0.01,,,,16,1532,0.12,2,600,0.05,9,1162,0.09,89,31161,2.45,4,2695,0.21,13,4359,0.34,3,174,0.01,152,21391,1.68,,6,381,60116,4.73,,1,,,,,,,1,,,,24,4620,0.36,5,676,0.05,,2,38,7936,0.62,,,,627,180248,14.19,22,2241,591734,46.58,49,,2,12,721,0.06,9,,,,,10,2736,0.22,78,11919,0.94,4,402,0.03,1,311,0.02,42,PA,Pennsylvania,12702379
677,576919,548.11,206,26242,24.93,10,829,0.79,211,57103,54.25,161,466598,443.3,11,7625,7.24,78,18522,17.6,,3,507,0.48,2,300,0.29,,,,,,,1,,,,,,,,,,,75,15220,14.46,,,,,,,,,1,450,0.43,,,,,,,,1,2500,2.38,1,500,0.48,,31,4666,4.43,,,,,,,,2,273,0.26,,,,,,,,,,,,,,,,,,9,713,0.68,4,1487,1.41,3,116,0.11,,,,1,,159,466598,443.3,,,,3,551,0.52,,,,,3,0,,,,,1,0,,,,4,2,165,0.16,25,1858,1.77,,,,,,1,22,0.02,,,,4,145,0.14,,,7,3833,3.64,1,,,,1,82,0.08,,7,693,0.66,,,,7,644,0.61,,,,,,2,204,0.19,2,1013,0.96,,,,,,,8,2,556,0.53,4,3434,3.26,,,,,,,,,,,1,90,0.09,1,450,0.43,,,,,,,,54,19377,18.41,,,,,,,,,,4,1108,1.05,1,20,0.02,2,170,0.16,13,5261,5,,,,,,,,,,,,,,,1,62,0.06,,1,348,0.33,,,5,392,0.37,,,,,,,2,,1,,,,,,3,2625,2.49,,,,,,,1,25,0.02,1,84,0.08,,,,,,,,,,,,,,,,,,,,,,,,,,,14,,,,3,1015,0.96,,,,,,,,,,,,,,,,,,,,,,,,,,,,,,,1,15,0.01,,,,,,,,,,6,1444,1.37,1,30,0.03,1,118,0.11,,,,,,,,,,,1,,37,9604,9.12,,,,,,,,,,,2,525,0.5,8,1580,1.5,,,,,,,,,,,,,,,2,9,2109,2,2,265,0.25,1,,,,4,,,,,,,,,,4,3831,3.64,1,,,,,,,,,,,,,1,50,0.05,,,,,,,4,840,0.8,,,,,,,4,289,0.27,17,1817,1.73,,,15,1071,1.02,,,1,400,0.38,,,,,,,,1,175,0.17,,,,,,8,1486,1.41,,,,28,6800,6.46,1,23,6901,6.56,9,,,,,,,,,,,,,,,,,,,,0,12,0.01,44,RI,Rhode Island,1052567
8051,2413443,521.78,4844,1410988,305.05,1098,256178,55.39,1692,482103,104.23,119,181743,39.29,22,5557,1.2,276,76874,16.62,,564,120854,26.13,138,21956,4.75,,,,,,,4,,,,,,,,6,584,0.13,2,934,0.2,,,,,,,,54,4,220,0.05,,,,4,171,0.04,2,,,,,,,,118,21606,4.67,,65,10567,2.28,,,1,22,17559,3.8,3,363,0.08,,,,,,,1,,,,,,,,5,2148,0.46,2,695,0.15,4,521,0.11,,,,14,,119,181743,39.29,,,,13,2615,0.57,2,43,6591,1.42,35,4919,1.06,42,7937,1.72,1,30,0.01,,,11,39,2415,0.52,293,62068,13.42,,10,4,399,0.09,36,6722,1.45,,,,117,5790,1.25,,,64,37391,8.08,38,1,74,0.02,,,,1,66,11886,2.57,,,,127,13816,2.99,,2,0,,2,4,472,0.1,,,,18,1539,0.33,,,,1,,,,4,2100,0.45,,1,23,0,2,0,,2,292,0.06,,,,2,330,0.07,,,,,,1,,130,54615,11.81,,,,,,,,,,1,56,0.01,3,290,0.06,,,,163,53916,11.66,,,,,7,1086,0.23,,,,,,,,9,817,0.18,1,2,102,0.02,3,,,,,8,36,0.01,,,,8,2,1,,,,2,,8,4333,0.94,,,,,,,6,169,0.04,,,,4,3816,0.83,,,,,,4,2,,,,3,562,0.12,1,1,,,,,259,56230,12.16,,93,2,,,17,3039,0.66,8,1488,0.32,,,,,,,,,,,,,,,,,,,2,144,0.03,,,,,,,5,340,0.07,,,,,,,,,,21,5792,1.25,,,,118,5770,1.25,12,4976,1.08,185,64925,14.04,27,4845,1.05,,3,1,826,241583,52.23,,,,4,,,,,,,6,499,0.11,6,590,0.13,2,125,0.03,,,,,,,53,2,,,,,318,91064,19.69,110,25461,5.5,,,,,,44,23963,5.18,,,,,,,9,3820,0.83,6,,,,,,,,,,1,,,,,,,,,2,175,0.04,18,2634,0.57,,,,,,,3,,,75,11210,2.42,,1,2110,913763,197.55,54,,,,,,,,,,,,,,,,,,,1,10,1785,0.39,,,,3,692,0.15,4,1016,274111,59.26,46,8,,,,,6,,,,,5,1000,0.22,62,5463,1.18,4,812,0.18,0,16,0,45,SC,South Carolina,4625364
1819,476832,585.66,824,118142,145.11,2,435,0.53,673,196001,240.73,243,148883,182.86,3,320,0.39,74,13051,16.03,,,,,,,,,,,,,,,,,,,,,2,1,106,0.13,34,6338,7.78,,,,,1,31,0.04,,1,60,0.07,,,,,,,3,,,,,,,,45,7541,9.26,,,,,25,,,3,1017,1.25,,,,,,,,,,,,,,,,,,2,205,0.25,1,14,0.02,,,,,,,3,,243,148883,182.86,,,,15,1396,1.71,1,3,431,0.53,12,1666,2.05,,,,14,4588,5.64,,,2,6,608,0.75,12,498,0.61,3,,,,,2,435,0.53,2,263,0.32,2,66,0.08,,,33,9812,12.05,,,,,3,162,0.2,11,17,1386,1.7,1,12,0.01,23,1143,1.4,,,,,,1,189,0.23,1,41,0.05,,,,,,,,2,454,0.56,1,24,0.03,,,,,1,0,,,,,16,2700,3.32,,,,,,,,,,,74,9359,11.5,,,,,1,,,,,8,841,1.03,18,3121,3.83,,,,223,112649,138.36,,,,,,,,,1,48,0.06,,,,4,973,1.2,,3,81,0.1,,,,,,2,0,,,,,,,1,,,,,2,1,250,0.31,,,,,,,2,32,0.04,,,,,,,1,10,0.01,,60,1,,,,,,,,,,,,,,,,,,18,,,,114,30487,37.45,34,7313,8.98,,,,,,,,,,,,,,,,8,1816,2.23,,,,,,,,,,2,63,0.08,,,,,,,,,,5,1332,1.64,,,,,,,,,,,,,,,,,,4,76,9878,12.13,21,4001,4.91,14,,,,9,1219,1.5,,,,,,,6,349,0.43,,,,1,109,0.13,,,,,,,82,10169,12.49,9,1199,1.47,,,,,,,,,1,53,0.07,,,,2,260,0.32,1,26,8236,10.12,11,1066,1.31,,,,,,,,,,,,,,,,7,2879,3.54,,,,,,,1,,,21,2406,2.96,,,63,6069,7.45,,,,,,,,,,10,1123,1.38,,,,,,,,,3,166,0.2,,,,79,12758,15.67,,149,36020,44.24,8,,1,,,,1,,,,,1,7,0.01,31,11712,14.39,50,8709,10.7,,,,46,SD,South Dakota,814180
11542,3522345,555.04,8047,2384381,375.72,843,273889,43.16,2077,533145,84.01,152,223045,35.15,28,10422,1.64,395,97463,15.36,4,129,22016,3.47,64,9606,1.51,,,,2,38,0.01,3,,,,,,,,9,727,0.11,10,4158,0.66,,,,,15,1948,0.31,20,4,909,0.14,1,24,0,,,,,,,,2,225,0.04,,225,49330,7.77,1,11,1068,0.17,1,,2,15,2050,0.32,3,285,0.04,,,,,,,1,,,,4,,,,12,1594,0.25,7,1796,0.28,3,130,0.02,,,,22,,151,222343,35.04,,,,8,1028,0.16,2,61,40314,6.35,173,35847,5.65,133,23068,3.63,1,158,0.02,,4,10,71,4742,0.75,379,78597,12.39,4,2,1,6,0,141,55739,8.78,2,230,0.04,124,8448,1.33,,14,99,45675,7.2,5,16,1245,0.2,,,,,172,27874,4.39,,,,1432,214118,33.74,2,,,,2,11,1716,0.27,,,,3,142,0.02,9,389,0.06,,,,,4,2694,0.42,,,,,,,,,,,,,,7,6195,0.98,,268,29453,4.64,25,,,126,40053,6.31,,,,1,,,,,,2,93,0.01,10,5400,0.85,,,,47,11840,1.87,,,,1,20,21754,3.43,,,,,,,,8,1966,0.31,,10,518,0.08,,,,,,12,237,0.04,7,277,0.04,23,,3,,,,1,,6,2320,0.37,,,,6,5584,0.88,8,329,0.05,1,12,0,4,4483,0.71,,,,,,6,6,,,,4,764,0.12,4,,,,,,36,3719,0.59,2,126,,5,,58,14681,2.31,1,75,0.01,,,,,,,1,21,0,5,742,0.12,3,441,0.07,3,87,0.01,2,204,0.03,,,,,,,5,285,0.04,,,,,,,,,,38,15384,2.42,1,78,0.01,214,24351,3.84,23,9935,1.57,211,125748,19.81,77,14146,2.23,,3,1,917,292248,46.05,,,,3,,,,1,40,0.01,5,582,0.09,7,4410,0.69,4,187,0.03,,,,13,1415,0.22,9,,,,,,280,57490,9.06,73,26036,4.1,,25,2662,0.42,,12,13631,2.15,,,,,,,8,8486,1.34,9,,,,,,,1,8,0,1,,1,,,,1,100,0.02,,,,17,3372,0.53,,,,1,70,0.01,2,33,0.01,159,38381,6.05,,3,3189,1483356,233.74,6,,,,,,,,,,,,,,,1,116,0.02,,2,14,3104,0.49,1,702,0.11,15,2801,0.44,,1508,375693,59.2,160,,,,,,12,,,,,10,2207,0.35,25,1833,0.29,10,1914,0.3,0,16,0,47,TN,Tennessee,6346105
27848,13994564,556.54,19490,6456168,256.75,1352,345998,13.76,3722,1553959,61.8,1351,4673500,185.86,113,32453,1.29,1820,932486,37.08,,247,43839,1.74,11,1327,0.05,,,,,,,9,,,,,,,,264,39354,1.57,15,7172,0.29,,,,,1,52,0,111,21,5348,0.21,2,46,0,3,135,0.01,,,,,5,515,0.02,,1322,275565,10.96,3,5,223,0.01,8,1,3,68,13235,0.53,2,265,0.01,,,,,,,,,,,1,,,,95,49874,1.98,30,13461,0.54,23,2781,0.11,,,,57,,1348,4673500,185.86,,,,48,5465,0.22,4,383,74817,2.98,136,40078,1.59,157,37986,1.51,13,1416,0.06,,4,64,86,3990,0.16,269,47709,1.9,70,,1,65,0,393,77545,3.08,11,1068,0.04,87,3610,0.14,18,,577,296141,11.78,22,1,118,0,1,72,0,4,301,44836,1.78,,,,2042,351129,13.96,2,,,,5,42,4450,0.18,,,,28,1280,0.05,41,2396,0.1,1,1,29,0,13,17889,0.71,,3,106,0,,,,,,,6,1320,0.05,12,3866,0.15,,41,6355,0.25,19,,,377,148439,5.9,2,1000,0.04,4,5,,,,,13,1393,0.06,64,13486,0.54,11,1845,0.07,362,111647,4.44,1,75,0,11,13,2883,0.11,,,,,,,,85,11047,0.44,,21,1864,0.07,,,,,,16,929,0.04,,,,52,,6,,,,3,4,19,12167,0.48,,,,42,36550,1.45,31,968,0.04,5,98,0,20,23109,0.92,,,,2,,258,1,,,,9,2857,0.11,,,,,,,147,15576,0.62,6,426,2,8,4,345,132508,5.27,47,20936,0.83,,,,5,1260,0.05,12,2433,0.1,,,,,,,23,1233,0.05,16,2765,0.11,,,,,,,24,3119,0.12,,,,,,,,,,166,421972,16.78,,,,48,3111,0.12,140,89050,3.54,133,59529,2.37,170,34039,1.35,4,13,,3685,1546542,61.5,13,1157,0.05,26,,,,6,148,0.01,17,2657,0.11,30,8410,0.33,13,824,0.03,,,,124,13486,0.54,,,,,,3,507,155046,6.17,90,17959,0.71,,,,,,8,2683,0.11,,,,3,356,0.01,36,33990,1.35,27,1,512,0.02,,,,,,,1,1,1,,,,3,600,0.02,7,1022,0.04,64,23761,0.94,,,,4,1375,0.05,3,67,0,367,74055,2.95,,24,8133,3721318,147.99,2,,2,210,0.01,,,,1,8,403,0.02,,,,4,309,0.01,2,5,49,8107,0.32,,,,62,17464,0.69,,1967,1035168,41.17,656,,,,,,43,26,,,,33,8527,0.34,13,2169,0.09,38,6828,0.27,3,1095,0.04,48,TX,Texas,25145561
5557,2186403,791.06,422,63040,22.81,14,3258,1.18,106,23546,8.52,68,160125,57.93,9,5982,2.16,4938,1930452,698.46,,2,392,0.14,,,,,,,,,,,,,,,,,,2,228,0.08,8,2082,0.75,,,,,,,,1,1,255,0.09,,,,,,,,,,,,,,1,42,11944,4.32,,,,,,,,14,1129,0.41,,,,,,,,,,,,,,,,,,13,6496,2.35,3,2061,0.75,1,45,0.02,,,,7,,68,160125,57.93,,,,9,701,0.25,,3,652,0.24,5,1005,0.36,,,,4,279,0.1,,,5,,,,14,1714,0.62,1,,,,,9,1849,0.67,,,,9,384,0.14,,,4835,1910504,691.24,,,,,,,,,5,412,0.15,,,,19,1135,0.41,,,,,,4,543,0.2,,,,,,,,,,11,,,,0,317,0.11,,,,,,,,,,,2,180,0.07,1,12,0,,,,,,,,27,5407,1.96,,,,,,,,,,,,,12,2460,0.89,,,,12,3186,1.15,1,147,0.05,,,,,,,,,,,,13,1037,0.38,,,,,,,,,,3,74,0.03,,,,,,5,,,,,,4,5130,1.86,,,,2,1812,0.66,7,231,0.08,,,,1,50,0.02,1,35,0.01,,,3,2,,,,1,39,0.01,,,,,,,2,106,0.04,,28,1,,,19,4070,1.47,4,2731,0.99,,,,,,,,,,,,,,,,,,,,,,,,,,,,,,,,,,,,,,,,9,4998,1.81,1,285,0.1,2,110,0.04,,,,3,1017,0.37,,,,,1,,89,15580,5.64,,,,,,,,1,25,0.01,,,,2,100,0.04,2,80,0.03,,,,5,544,0.2,,,,,,,23,4624,1.67,7,348,0.13,,,,,,,,,,,,1,81,0.03,2,1143,0.41,1,,,,,,,,,,,,,,,,,,,1,250,0.09,3,384,0.14,,,,1,300,0.11,,,,19,3066,1.11,,3,79,12593,4.56,,,,,,,,,,4,651,0.24,,,,,,,,,4,940,0.34,,,,10,1080,0.39,,19,6156,2.23,7,,,,,,3,,,,,5,570,0.21,1,33,0.01,2,484,0.18,0,2,0,49,UT,Utah,2763885
854,210391,336.23,223,22630,36.17,1,36,0.06,398,48029,76.76,129,128293,205.03,4,290,0.46,99,11113,17.76,,,,,,,,,,,,,,,,,,,,,,1,99,0.16,57,7178,11.47,,,,,,,,3,,,,1,30,0.05,,,,,,,,,,,,23,2330,3.72,,,,,,,,2,345,0.55,,,,,,,,,,,,,,,,,,11,213,0.34,,,,13,713,1.14,,,,2,,129,128293,205.03,,,,10,4704,7.52,,,,,3,129,0.21,,,,1,168,0.27,,,10,,,,2,77,0.12,,,,,,1,36,0.06,,,,2,57,0.09,,,12,4384,7.01,,,,,,,,,10,1033,1.65,,,,10,651,1.04,,,,,,,,,9,347,0.55,,,,,,,4,8,699,1.12,2,1007,1.61,,,,,,,,,,,2,570,0.91,,,,,,,,,,,47,6999,11.19,,,,,,,,,,1,99,0.16,7,608,0.97,,,,7,971,1.55,,,,,,,,,,,,,,,1,99,0.16,,1,0,,,,13,346,0.55,,,,,,,,,,,,,1,,2,185,0.3,,,,,,,4,172,0.27,,,,,,,,,,,,,2,,,,1,25,0.04,,,1,,,,,,,,15,,,,3,497,0.79,,,,,,,,,,,,,,,,,,,2,115,0.18,,,,,,,,,,,,,,,,,,,,,,1,300,0.48,3,361,0.58,,,,,,,,,,,,,,1,,50,6989,11.17,1,43,0.07,,,,,,,,2,105,0.17,1,60,0.1,1,95,0.15,,,,,,,,,,,,,9,725,1.16,1,66,0.11,,,,,,,,,,,,1,292,0.47,3,1080,1.73,1,,,,,,,,,,,,,,,,,,,,,,3,441,0.7,,,,,,,,,,14,896,1.43,,,38,1870,2.99,,,,,,,,,1,,,,,,,,,,,,21,2547,4.07,,,,135,16392,26.2,,117,14710,23.51,7,,1,,,,1,,,,,1,27,0.04,3,144,0.23,1,69,0.11,,,,50,VT,Vermont,625741
10088,3586592,448.27,5660,1531731,191.44,446,111028,13.88,3028,870842,108.84,231,674555,84.31,51,18253,2.28,672,380183,47.52,2,78,15583,1.95,66,10148,1.27,,,,4,69,0.01,17,,,,,,,1,4,390,0.05,107,65881,8.23,2,185,0.02,,4,547,0.07,54,4,380,0.05,,,,1,41,0.01,,,,,2,210,0.03,,224,56241,7.03,1,12,1085,0.14,,1,3,37,4728,0.59,9,1017,0.13,1,17,0,,,,2,9,1766,0.22,6,,,,39,17210,2.15,8,3796,0.47,15,1989,0.25,2,33,0,28,,230,673853,84.22,,,,29,2923,0.37,2,179,28209,3.53,218,47041,5.88,13,2842,0.36,2,250,0.03,,8,24,55,4634,0.58,200,42530,5.32,4,1,4,149,0.02,71,15453,1.93,1,26,0,102,5911,0.74,,3,196,89800,11.22,45,185,29841,3.73,,,,1,93,30852,3.86,6,501,0.06,165,16591,2.07,1,1,72,0.01,4,4,548,0.07,3,225,0.03,14,422,0.05,,,,1,5,1082,0.14,13,10190,1.27,,3,154,0.02,2,218,0.03,,,,5,450,0.06,6,4150,0.52,,,,,,3,,349,120579,15.07,,,,1,3,,,,,2,93,0.01,10,2395,0.3,16,841,0.11,191,56754,7.09,,,,4,16,4424,0.55,2,,,,,,,21,3085,0.39,,6,575,0.07,,,23,1627,0.2,,,,5,256,0.03,21,3,7,,,,16,1,12,10772,1.35,,,,8,4989,0.62,25,562,0.07,5,348,0.04,6,6150,0.77,3,80,0.01,,,5,5,,,,6,1813,0.23,3,,,5,295,0.04,207,30327,3.79,1,131,4,23,18,50,17337,2.17,4,1988,0.25,,,,1,54,0.01,1,100,0.01,1,75,0.01,,,,54,9046,1.13,5,538,0.07,,,,,,,,,,,,,,,,3,219,0.03,62,213032,26.63,1,53,0.01,80,5141,0.64,8,3125,0.39,74,56554,7.07,10,1732,0.22,2,6,,1237,378934,47.36,,,,4,,,,2,85,0.01,10,1542,0.19,10,1460,0.18,11,1144,0.14,,,,8,872,0.11,2,7,,,,,498,115955,14.49,92,22532,2.82,,21,2201,0.28,,17,5591,0.7,,,,1,100,0.01,21,17025,2.13,13,,,,,,,,,,1,1,2,,,,1,150,0.02,3,142,0.02,29,4480,0.56,,,,,,,1,80,0.01,148,24388,3.05,,11,1914,763655,95.44,1,,2,335,0.04,,,,,,,,1,120,0.01,1,38,0,2,4,24,8001,1,1,702,0.09,86,13129,1.64,43,1540,467417,58.42,53,,,,,,17,,,,,12,2958,0.37,55,6251,0.78,9,1858,0.23,1,255,0.03,51,VA,Virginia,8001024
6114,2328005,346.2,3401,820643,122.04,59,14289,2.12,1152,308292,45.85,313,784332,116.64,45,16987,2.53,1144,383462,57.02,,9,2969,0.44,4,501,0.07,,,,,,,,,,,,,,2,13,1317,0.2,119,26638,3.96,,,,,,,,24,8,1232,0.18,,,,6,254,0.04,7,,,,1,2500,0.37,,342,125005,18.59,,,,,7,,2,82,7087,1.05,,,,,,,,,,3,,,,,,,,70,31254,4.65,18,14711,2.19,30,3100,0.46,,,,57,1,312,784332,116.64,,,,85,18843,2.8,3,53,7697,1.14,62,21011,3.12,6,944,0.14,52,9497,1.41,,,44,47,7228,1.07,38,4859,0.72,3,4,2,101,0.02,30,6838,1.02,2,236,0.04,21,1121,0.17,,,520,267267,39.75,,12,854,0.13,12,1858,0.28,5,154,36477,5.42,1,48,0.01,133,13233,1.97,,,,,6,26,4147,0.62,,,,,,,,,,64,4,151,0.02,5,3856,0.57,1,,,,,,,,,,62,14190,2.11,3,1735,0.26,,,,,,,,127,33410,4.97,3,1400,0.21,2,,14,,,,50,12023,1.79,41,5342,0.79,18,1348,0.2,259,96555,14.36,5,1347,0.2,4,4,1767,0.26,,,,,,,,160,38874,5.78,,49,10057,1.5,,,,,,1,74,0.01,,,,,,54,,,,11,5,8,6017,0.89,,,,8,3263,0.49,25,903,0.13,7,520,0.08,2,5150,0.77,3,160,0.02,,5,8,38,23,560,0.08,4,998,0.15,1,1,,,,,20,1183,0.18,,166,10,19,9,117,32807,4.88,22,8790,1.31,,,,1,72,0.01,1,75,0.01,,,,,,,6,550,0.08,6,233,0.03,,,,,,,8,268,0.04,,,,,,,,,,36,19092,2.84,5,537,0.08,2,101,0.02,1,173,0.03,5,2151,0.32,4,713,0.11,3,5,,743,309440,46.02,18,2132,0.32,2,,,,23,3118,0.46,9,1496,0.22,14,2960,0.44,10,933,0.14,,,,18,1959,0.29,,,,,,1,217,61502,9.15,24,3149,0.47,,,,,,,,,2,117,0.02,2,685,0.1,17,11950,1.78,10,9,2735,0.41,,,,,,,,1,,1,83,0.01,,,,3,525,0.08,24,7390,1.1,,,,1,1500,0.22,2,103,0.02,206,52944,7.87,1,6,280,51665,7.68,,1,,,,,,,2,22,8819,1.31,1,150,0.02,,,,,2,28,7488,1.11,,,,77,11735,1.75,,244,66616,9.91,55,,5,,,,23,,1,125,0.02,14,2696,0.4,6,470,0.07,25,3887,0.58,1,29,0,53,WA,Washington,6724540
4413,658313,355.27,2089,249756,134.79,85,11505,6.21,1949,274766,148.28,139,95849,51.73,17,2776,1.5,134,23661,12.77,1,23,2748,1.48,1,95,0.05,,,,10,373,0.2,,,,,,,,,5,1160,0.63,381,88193,47.59,2,146,0.08,,3,217,0.12,2,3,1235,0.67,1,0,,,,,,,,,,,,,118,15473,8.35,2,3,78,0.04,,,,3,520,0.28,1,79,0.04,,,,,,,,4,380,0.21,1,1,17,0.01,1,11,0.01,1,300,0.16,,,,,,,3,,139,95849,51.73,,,,19,2212,1.19,,41,7955,4.29,88,10927,5.9,1,115,0.06,,,,,,6,79,4689,2.53,178,21740,11.73,2,,,,,6,892,0.48,,,,27,685,0.37,,1,38,16710,9.02,5,77,7727,4.17,,,,,125,18305,9.88,2,278,0.15,287,22167,11.96,,6,323,0.17,1,7,845,0.46,,,,,,,,,,1,,,,0,154,0.08,,,,,,,,,,,,,,,,,,,,,,,,67,8529,4.6,,,,,1,,,,,,,,1,35,0.02,,,,52,12809,6.91,,,,7,2,573,0.31,,,,,,,,7,563,0.3,,18,963,0.52,,,1,0,,3,23,0.01,,,,,1,18,,,,4,1,6,1170,0.63,,,,2,1691,0.91,3,42,0.02,,,,,,,,,,,,1,1,,,,,,,,,4,7,273,0.15,53,4277,2.31,1,51,,,,3,370,0.2,,,,,,,,,,,,,,,,1,60,0.03,5,205,0.11,1,27,0.01,,,,,,,,,,,,,,,,,,,7,1908,1.03,1,30,0.02,174,9161,4.94,,,,22,5341,2.88,11,1701,0.92,,1,,312,71205,38.43,,,,2,,,,2,135,0.07,2,85,0.05,1,60,0.03,2,78,0.04,,,,22,2394,1.29,,,,,,,196,19689,10.63,12,817,0.44,,,,,,2,613,0.33,,,,,,,6,1164,0.63,2,,,,,,,,,,,,,,,,,,,3,115,0.06,16,2561,1.38,,,,1,25,0.01,3,285,0.15,43,3396,1.83,,,232,42834,23.12,,,,,,,,,,,,,,,,1,13,0.01,,,4,245,0.13,,,,5,582,0.31,14,1197,136929,73.9,59,,,,,,2,,,,,2,1380,0.74,26,1348,0.73,,,,0,11,0.01,54,WV,West Virginia,1852994
6078,3047442,535.86,2906,806028,141.73,124,44203,7.77,1832,684035,120.28,770,1425523,250.66,34,13223,2.33,412,74430,13.09,,13,3250,0.57,1,124,0.02,,,,,,,1,,,,,,,4,2,185,0.03,61,16820,2.96,,,,,115,14957,2.63,6,3,515,0.09,,,,2,85,0.01,,1,400,0.07,2,535,0.09,,182,45895,8.07,2,,,,15,,,18,2149,0.38,,,,,,,,,,,,,,2,,,,20,2378,0.42,6,1400,0.25,17,977,0.17,,,,13,,764,1425523,250.66,,,,55,21247,3.74,,2,196,0.03,34,6409,1.13,10,3063,0.54,23,6494,1.14,,,32,10,585,0.1,17,1519,0.27,,,1,21,0,35,13484,2.37,4,481,0.08,5,171,0.03,,,69,24496,4.31,1,1,26,0,5,1810,0.32,9,41,3054,0.54,,,,69,5941,1.04,,,,,,9,1242,0.22,,,,,,,,,,9,15,2038,0.36,6,2306,0.41,,,,,1,10,0,,,,93,16410,2.89,2,235,0.04,1,,,,,,,114,18314,3.22,,,,,,1,,,,28,3720,0.65,100,29881,5.25,,,,695,414326,72.86,22,4633,0.81,,2,305,0.05,,,,,,,,16,1463,0.26,,10,908,0.16,,,,,,21,683,0.12,2,93,0.02,12,1,36,,,,,12,8,5020,0.88,1,11,0,1,16,0,7,283,0.05,,,,3,6475,1.14,,,,,,1,38,,,,4,502,0.09,1,,,,,,3,126,0.02,1,131,,1,,431,223279,39.26,49,22401,3.94,,,,,,,,,,,,,,,,7,352,0.06,2,63,0.01,,,,,,,2,69,0.01,,,,17,3640,0.64,,,,23,14744,2.59,33,5872,1.03,2,153,0.03,1,745,0.13,32,20560,3.62,11,2606,0.46,,7,18,568,138672,24.38,10,3236,0.57,15,,,,2,85,0.01,8,579,0.1,10,1775,0.31,14,2042,0.36,,,,5,545,0.1,,,,,,6,154,31692,5.57,10,946,0.17,,,,,11,2,371,0.07,1,214,0.04,2,508,0.09,9,8108,1.43,5,27,11601,2.04,1,222,0.04,,,,1,,,,,,,,,4,779,0.14,23,11175,1.97,,,,5,5060,0.89,6,374,0.07,82,10034,1.76,,3,95,17767,3.12,,,,,,2,207,0.04,,,,,1,100,0.02,,,,,1,28,7553,1.33,,,,229,65797,11.57,6,473,114938,20.21,74,,1,,,,9,,,,,10,1901,0.33,30,4800,0.84,419,198667,34.93,0,20,0,55,WI,Wisconsin,5686986
948,223074,395.78,494,59247,105.12,6,281,0.5,175,36539,64.83,70,61222,108.62,4,785,1.39,199,65000,115.32,,2,216,0.38,,,,,,,1,18,0.03,,,,,,,,1,3,394,0.7,16,2670,4.74,,,,,,,,5,1,40,0.07,,,,,,,,,,,,,,,43,4419,7.84,,,,,,,,3,290,0.51,,,,,,,,,,,1,99,0.18,,,,,2,22,0.04,,,,2,105,0.19,,,,6,,70,61222,108.62,,,,14,2464,4.37,,4,1738,3.08,17,1681,2.98,,,,,,,,,4,6,2030,3.6,2,50,0.09,,,,,,2,50,0.09,1,10,0.02,6,384,0.68,,,153,62804,111.43,,,,,,,,1,16,1327,2.35,,,,33,1957,3.47,,,,,,4,512,0.91,,,,2,88,0.16,,,,13,,,,,,,,,,,,,,,,,6,1410,2.5,,,,,,,,,,,46,7279,12.91,,,,,,3,,,,,,,10,1518,2.69,,,,22,7541,13.38,,,,,,,,,,,,,,,9,878,1.56,,,,,,,,,,5,30,0.05,,,,,,,,,,,1,3,745,1.32,,,,,,,1,76,0.13,,,,,,,,,,,,1,,1,5,0.01,,,,,,,,,,,,,,22,,,,41,9344,16.58,1,,,,,,,,,,,,,,,,,,,,,,,,,,,,,,,,,,,,,,,,,,3,716,1.27,1,25,0.04,1,12,0.02,,,,1,0,,1,15,0.03,,,2,85,10735,19.05,,,,2,,,,1,25,0.04,,,,,,,,,,,,,1,109,0.19,,,,,,,31,5348,9.49,3,273,0.48,,,,,,,,,,,,,,,1,127,0.23,2,,,,1,53,0.09,,,,,,,1,20,0.04,,,,,,,3,731,1.3,,,,,,,,,,22,1337,2.37,,,100,15812,28.05,,,,,,,,,,,,,,,,,,,,,4,344,0.61,,,,9,1135,2.01,,40,10768,19.1,17,,,,,,,,,,,3,376,0.67,3,1264,2.24,4,429,0.76,0,4,0.01,56,WY,Wyoming,563626
